customer_id,account_opening_date,account_type,primary_bank_flag,avg_monthly_balance_6m,avg_monthly_balance_12m,min_balance_breach_count,digital_banking_score,standing_instructions_count
CUST000001,1991-04-19,Fixed Deposit,Yes,14045.15,31460.25,10,76.63,3
CUST000002,2003-02-08,Fixed Deposit,Yes,26182.85,22449.51,3,36.82,0
CUST000003,1982-05-03,Current,No,48305.59,32549.59,5,87.01,2
CUST000004,1994-01-09,Fixed Deposit,Yes,37706.17,39601.85,0,93.09,5
CUST000005,1994-09-30,Fixed Deposit,Yes,18955.14,13727.01,1,85.2,3
CUST000006,2001-07-27,Savings,Yes,11532.98,20058.79,10,13.62,1
CUST000007,2002-06-25,Fixed Deposit,No,44826.47,41179.96,9,77.02,2
CUST000008,1996-12-09,Current,No,4351.27,29094.64,0,95.58,3
CUST000009,2024-03-04,Current,Yes,12429.0,24068.42,6,3.61,3
CUST000010,2022-06-17,Fixed Deposit,Yes,31206.85,48243.77,5,30.52,4
CUST000011,2000-08-12,Current,Yes,3011.22,40341.99,9,28.58,5
CUST000012,1987-09-12,Savings,Yes,38692.76,47542.0,7,49.41,2
CUST000013,2016-08-05,Fixed Deposit,No,20145.46,22316.64,8,35.24,3
CUST000014,2001-10-04,Fixed Deposit,Yes,24098.79,46784.8,10,28.35,0
CUST000015,1991-11-08,Current,Yes,31070.94,47433.0,1,93.32,1
CUST000016,2015-06-01,Savings,Yes,12971.21,11673.37,10,50.08,4
CUST000017,2008-04-05,Current,Yes,34458.97,11403.48,2,93.63,1
CUST000018,2012-02-15,Current,Yes,44081.32,37170.82,6,99.91,1
CUST000019,2007-12-01,Fixed Deposit,Yes,15268.69,17650.8,7,19.74,1
CUST000020,1999-12-04,Current,Yes,47765.48,47618.23,6,43.9,4
CUST000021,1992-02-21,Fixed Deposit,Yes,11401.08,12505.2,2,54.73,0
CUST000022,1993-12-28,Fixed Deposit,Yes,33241.89,2976.0,5,68.53,4
CUST000023,2016-05-04,Savings,Yes,24191.15,38787.42,2,32.83,1
CUST000024,1984-11-19,Savings,No,7931.4,26647.95,5,43.85,5
CUST000025,1994-10-12,Savings,Yes,33207.73,39678.63,3,2.64,0
CUST000026,2019-11-21,Fixed Deposit,Yes,49732.94,25329.13,1,85.78,1
CUST000027,2018-05-31,Current,No,16494.7,19965.16,0,58.35,0
CUST000028,2000-11-28,Fixed Deposit,No,2433.85,1078.42,1,45.52,5
CUST000029,1994-04-08,Savings,Yes,13084.24,29699.6,10,80.23,3
CUST000030,1990-01-28,Fixed Deposit,Yes,29526.65,12966.23,1,94.08,3
CUST000031,2008-09-29,Savings,No,13976.53,48512.19,1,59.45,1
CUST000032,2003-08-12,Current,Yes,35436.62,47242.3,1,65.12,4
CUST000033,2008-07-10,Fixed Deposit,Yes,14066.93,35034.37,8,76.13,3
CUST000034,1986-04-20,Savings,Yes,14970.77,43904.97,5,86.96,4
CUST000035,1994-10-13,Savings,No,32399.19,27489.37,9,83.58,3
CUST000036,1996-09-15,Current,No,30884.72,24425.58,10,83.76,2
CUST000037,2002-11-21,Savings,No,13189.89,10589.2,1,1.85,4
CUST000038,2020-08-20,Current,No,39905.63,39368.33,0,57.94,3
CUST000039,1995-02-12,Current,Yes,18683.52,22137.98,1,3.05,1
CUST000040,2015-12-05,Current,No,41327.4,6097.89,4,16.39,0
CUST000041,2012-04-29,Savings,Yes,21255.85,7779.51,2,92.08,4
CUST000042,2007-06-11,Current,Yes,46450.91,31398.4,4,45.16,4
CUST000043,2011-01-21,Savings,Yes,35155.1,5844.96,4,9.97,2
CUST000044,1987-11-13,Current,No,39222.21,10137.59,2,15.8,3
CUST000045,2011-11-18,Fixed Deposit,No,20779.01,45483.36,6,34.6,3
CUST000046,1993-03-31,Savings,Yes,9068.28,11531.06,9,95.89,2
CUST000047,1995-11-02,Savings,No,36207.2,16925.07,0,81.27,1
CUST000048,1997-10-18,Current,No,14944.42,26360.6,4,98.45,3
CUST000049,1991-05-29,Current,No,27483.65,17381.99,8,93.57,3
CUST000050,1987-07-06,Current,Yes,18009.19,3680.81,1,30.26,4
CUST000051,1997-09-29,Current,Yes,34332.88,15167.17,1,86.93,3
CUST000052,2014-08-16,Fixed Deposit,Yes,34819.2,24759.54,5,33.71,2
CUST000053,2014-02-19,Fixed Deposit,Yes,29121.58,22541.56,8,88.28,4
CUST000054,1980-07-09,Current,Yes,33238.91,6116.46,8,59.74,0
CUST000055,2012-02-25,Current,No,20942.77,18363.6,2,37.1,0
CUST000056,1983-02-28,Fixed Deposit,Yes,5660.65,48008.58,0,46.78,5
CUST000057,1991-02-13,Fixed Deposit,No,45721.62,26664.49,9,66.74,1
CUST000058,2001-07-23,Fixed Deposit,Yes,35343.69,41296.85,2,63.71,1
CUST000059,2021-02-11,Fixed Deposit,Yes,15956.54,28266.65,4,31.07,4
CUST000060,1983-10-15,Savings,No,46898.41,48697.1,9,87.4,4
CUST000061,2005-11-29,Current,Yes,40566.6,2286.09,7,29.05,5
CUST000062,1990-10-31,Fixed Deposit,Yes,46116.28,22051.55,10,95.95,4
CUST000063,2013-06-03,Fixed Deposit,Yes,27341.29,37446.24,3,69.51,5
CUST000064,2021-09-29,Savings,No,12249.3,6476.28,0,32.48,3
CUST000065,1997-07-14,Current,No,22638.53,3850.79,1,7.89,2
CUST000066,1991-11-21,Current,No,8466.7,32554.68,1,68.83,1
CUST000067,1995-08-07,Savings,Yes,41693.83,11289.07,4,66.58,3
CUST000068,2022-06-24,Fixed Deposit,Yes,48662.58,23203.14,6,90.38,0
CUST000069,2006-09-03,Fixed Deposit,Yes,22531.43,32112.46,9,62.5,5
CUST000070,1989-10-11,Fixed Deposit,No,31298.77,12044.39,6,43.64,2
CUST000071,2019-04-09,Current,No,31262.74,37477.49,6,36.2,5
CUST000072,1988-04-22,Fixed Deposit,No,46709.1,46697.54,4,97.74,0
CUST000073,2023-07-07,Savings,Yes,1787.63,42948.79,10,29.34,3
CUST000074,2021-01-12,Current,No,8928.23,10767.51,1,17.77,1
CUST000075,2020-06-03,Savings,No,4647.0,30913.37,4,47.43,1
CUST000076,1999-09-27,Current,No,2630.87,16130.12,7,31.18,4
CUST000077,2009-03-16,Savings,No,27818.93,6075.92,5,52.47,2
CUST000078,2000-12-07,Fixed Deposit,No,1680.67,48195.39,10,17.66,1
CUST000079,1983-08-26,Fixed Deposit,Yes,12072.15,20699.73,8,53.04,3
CUST000080,2001-07-24,Savings,No,45298.35,41222.83,2,54.48,1
CUST000081,1985-02-25,Savings,No,17092.4,9415.06,8,79.98,4
CUST000082,2009-03-28,Fixed Deposit,No,16598.76,16292.38,10,97.33,4
CUST000083,2003-05-18,Fixed Deposit,No,2608.67,16675.88,0,16.55,0
CUST000084,2006-07-19,Current,No,23816.19,48582.74,4,9.74,4
CUST000085,2008-11-13,Savings,No,14133.42,32077.2,3,29.72,5
CUST000086,2003-03-19,Savings,Yes,35795.23,31216.71,3,81.02,5
CUST000087,2023-07-23,Savings,Yes,34940.58,1242.76,6,82.91,1
CUST000088,1981-05-20,Savings,No,29066.34,11771.73,9,51.3,3
CUST000089,1981-03-31,Savings,No,29085.93,18843.2,4,4.66,1
CUST000090,1988-06-14,Savings,Yes,41648.64,48458.7,8,96.27,5
CUST000091,2006-08-17,Savings,No,4879.07,5351.76,3,77.24,1
CUST000092,2007-12-17,Savings,Yes,25967.01,12423.37,5,6.27,2
CUST000093,1980-10-01,Current,No,3144.94,27044.79,3,76.27,5
CUST000094,2014-10-10,Current,No,28026.38,27830.31,7,16.07,4
CUST000095,1995-07-16,Savings,No,14606.95,35092.37,5,24.38,2
CUST000096,2008-05-29,Current,No,37959.95,3415.24,5,36.46,3
CUST000097,2012-11-12,Current,No,36232.12,9289.46,10,65.3,5
CUST000098,2021-03-23,Fixed Deposit,Yes,49704.75,33358.92,1,2.23,5
CUST000099,2000-10-09,Current,Yes,35098.49,2771.53,7,29.08,5
CUST000100,1980-04-03,Current,Yes,46605.0,32809.49,5,38.32,5
CUST000101,2022-04-08,Fixed Deposit,No,31825.43,31699.81,9,14.97,5
CUST000102,2005-06-27,Fixed Deposit,No,46602.51,21483.28,8,44.17,4
CUST000103,2017-09-11,Savings,No,32830.63,46550.7,8,48.2,3
CUST000104,1990-09-08,Current,Yes,26674.98,4996.8,8,58.84,4
CUST000105,1980-06-30,Current,Yes,39850.63,5802.92,5,99.97,0
CUST000106,1980-09-17,Savings,No,49733.06,18124.81,2,44.07,3
CUST000107,1992-03-14,Savings,Yes,35859.01,36194.21,7,16.5,2
CUST000108,1999-04-29,Current,No,18624.48,46237.3,5,15.43,4
CUST000109,2021-09-27,Savings,No,2526.9,46772.61,6,67.92,5
CUST000110,2022-09-04,Fixed Deposit,Yes,6601.55,15859.07,0,5.36,0
CUST000111,1992-02-22,Current,No,14776.65,19007.79,0,22.45,3
CUST000112,2016-05-17,Current,Yes,9606.54,12022.31,8,44.03,4
CUST000113,2011-10-03,Fixed Deposit,No,24841.44,43913.57,6,92.41,4
CUST000114,2017-01-25,Savings,Yes,28130.29,12927.86,1,16.98,2
CUST000115,1983-09-16,Current,No,16585.33,12463.0,8,62.59,5
CUST000116,1987-11-23,Fixed Deposit,Yes,25120.17,20129.28,3,82.98,2
CUST000117,2010-07-25,Fixed Deposit,Yes,25973.17,23652.58,2,30.09,5
CUST000118,2004-05-21,Current,Yes,30034.67,36297.67,5,44.3,0
CUST000119,2024-12-20,Fixed Deposit,Yes,5192.64,19219.25,9,45.77,5
CUST000120,2017-04-10,Fixed Deposit,Yes,19750.71,1386.52,2,56.59,4
CUST000121,1985-03-23,Fixed Deposit,No,3887.47,2204.29,3,10.41,4
CUST000122,2021-02-05,Fixed Deposit,Yes,49479.5,45917.1,2,75.89,5
CUST000123,2012-10-02,Fixed Deposit,Yes,48183.51,39877.14,4,70.46,4
CUST000124,2003-01-22,Current,Yes,14240.26,44972.41,10,46.33,5
CUST000125,2020-12-27,Savings,No,30922.77,15487.37,6,35.62,3
CUST000126,1996-02-01,Savings,No,10886.61,29760.48,0,96.6,1
CUST000127,2015-02-28,Savings,No,9599.51,41582.12,0,35.68,3
CUST000128,2017-10-22,Current,Yes,35456.04,6938.69,4,91.42,0
CUST000129,2007-05-21,Current,Yes,46960.71,16242.1,1,99.03,4
CUST000130,1996-07-04,Fixed Deposit,Yes,31152.43,35820.26,0,6.17,1
CUST000131,2019-06-01,Fixed Deposit,No,37179.12,24920.87,7,45.24,0
CUST000132,2007-08-17,Savings,No,11420.72,41763.51,1,81.64,0
CUST000133,2002-12-10,Current,Yes,24310.4,30962.86,1,96.99,1
CUST000134,2014-03-20,Savings,No,5256.98,26597.41,5,39.16,3
CUST000135,2009-07-02,Fixed Deposit,No,30968.0,17065.09,2,99.51,4
CUST000136,2021-06-20,Fixed Deposit,No,39587.63,28774.16,1,31.72,0
CUST000137,2003-07-12,Fixed Deposit,Yes,40053.7,17699.62,0,27.8,5
CUST000138,2013-03-09,Fixed Deposit,No,26569.26,32291.14,3,37.49,4
CUST000139,1998-12-21,Fixed Deposit,No,27847.65,5085.66,8,55.61,2
CUST000140,1990-03-13,Savings,No,1643.96,11282.35,6,48.18,4
CUST000141,2010-06-16,Savings,Yes,21617.87,19739.42,9,53.6,2
CUST000142,1981-07-14,Savings,Yes,31362.22,27286.97,6,93.3,0
CUST000143,2015-05-13,Current,No,46369.44,21382.17,8,36.56,5
CUST000144,2023-01-22,Current,No,41245.76,38012.82,7,18.23,4
CUST000145,2018-01-31,Fixed Deposit,No,24275.01,38222.73,0,36.21,5
CUST000146,2024-12-10,Current,No,20443.5,32964.15,5,8.51,5
CUST000147,1990-02-11,Current,Yes,4731.97,16125.73,7,38.31,1
CUST000148,2017-03-02,Current,Yes,22295.06,15401.17,3,44.8,3
CUST000149,2023-02-05,Fixed Deposit,No,14928.72,31250.1,3,42.79,4
CUST000150,1990-02-23,Savings,No,40449.04,25449.25,10,93.03,2
CUST000151,2024-04-12,Fixed Deposit,No,29197.78,1372.13,9,59.2,1
CUST000152,2005-11-20,Savings,No,38788.27,38071.23,1,0.85,4
CUST000153,2020-10-20,Fixed Deposit,No,4070.05,20084.42,8,31.77,5
CUST000154,2015-10-13,Fixed Deposit,No,27740.01,20125.56,2,71.62,2
CUST000155,1985-07-12,Fixed Deposit,Yes,3787.49,42908.51,0,55.38,0
CUST000156,1993-11-26,Current,Yes,38813.1,31293.95,4,22.84,4
CUST000157,1987-01-04,Fixed Deposit,Yes,2982.89,46299.61,4,3.6,2
CUST000158,1985-02-01,Fixed Deposit,Yes,5487.81,36080.6,8,24.71,3
CUST000159,2006-12-20,Savings,No,7627.97,2698.48,9,35.47,0
CUST000160,2017-10-08,Fixed Deposit,No,8995.5,43528.9,2,60.68,1
CUST000161,2000-07-07,Savings,Yes,13037.05,13156.88,3,46.11,3
CUST000162,2022-11-17,Savings,No,31059.17,11332.27,6,99.71,1
CUST000163,2022-04-18,Fixed Deposit,Yes,39935.86,4827.49,3,69.53,1
CUST000164,2009-07-18,Fixed Deposit,Yes,38270.8,25249.54,4,44.74,2
CUST000165,2009-01-12,Savings,Yes,30317.53,3758.8,4,61.2,1
CUST000166,2015-09-06,Fixed Deposit,No,45442.13,30244.31,4,59.35,2
CUST000167,2024-04-12,Fixed Deposit,Yes,16188.62,23167.67,1,2.88,4
CUST000168,2014-04-01,Fixed Deposit,No,8664.32,30284.28,9,74.07,2
CUST000169,2022-02-06,Fixed Deposit,Yes,28833.08,14969.44,10,9.89,3
CUST000170,1980-01-26,Current,Yes,15695.85,11157.8,10,59.84,1
CUST000171,2006-06-18,Current,Yes,10932.54,3619.77,7,11.2,5
CUST000172,2005-06-08,Savings,Yes,29243.42,5411.88,5,72.38,0
CUST000173,1992-05-04,Fixed Deposit,Yes,19150.03,39713.34,2,48.6,2
CUST000174,1992-08-07,Savings,Yes,40898.56,10961.57,1,37.78,1
CUST000175,1982-06-20,Current,No,9372.93,18597.88,9,57.19,5
CUST000176,2006-03-31,Savings,Yes,37123.47,45259.04,8,16.39,4
CUST000177,2010-09-25,Fixed Deposit,No,34964.29,9575.61,6,76.25,3
CUST000178,2000-11-13,Current,Yes,47637.99,36854.69,5,10.71,2
CUST000179,2004-08-15,Savings,No,45236.95,24915.02,1,10.88,2
CUST000180,1991-10-25,Current,Yes,21838.6,25046.25,1,38.34,0
CUST000181,1986-12-27,Current,No,20405.55,24095.34,6,55.17,0
CUST000182,2021-12-25,Fixed Deposit,Yes,42257.88,14016.74,4,51.7,2
CUST000183,2012-06-06,Current,No,36038.9,20102.52,5,58.22,2
CUST000184,2010-10-20,Current,No,7689.73,24987.66,1,11.04,1
CUST000185,2016-06-27,Fixed Deposit,No,40191.47,34755.41,6,81.27,3
CUST000186,2019-12-31,Fixed Deposit,No,37074.86,45703.92,7,15.83,0
CUST000187,1988-05-28,Current,No,13571.92,25911.55,0,84.67,3
CUST000188,1996-09-22,Current,Yes,32862.71,48158.82,10,23.32,3
CUST000189,1998-09-25,Savings,No,39015.52,31007.01,0,45.41,5
CUST000190,2022-03-19,Current,Yes,32246.36,35781.43,0,41.3,4
CUST000191,1990-06-02,Fixed Deposit,No,20144.58,5326.12,7,38.66,5
CUST000192,2001-01-19,Savings,No,37617.73,7403.26,9,0.03,2
CUST000193,1999-12-15,Fixed Deposit,Yes,2781.37,48447.05,6,20.08,3
CUST000194,2018-10-28,Current,Yes,47709.91,33094.45,8,54.53,2
CUST000195,1982-09-14,Fixed Deposit,Yes,28293.04,10041.6,2,14.05,4
CUST000196,1987-12-25,Savings,No,19456.79,7845.17,5,9.29,3
CUST000197,1990-07-04,Fixed Deposit,No,5917.34,46185.75,5,38.27,4
CUST000198,1983-07-08,Savings,No,41465.98,27159.86,4,49.65,0
CUST000199,2021-08-20,Fixed Deposit,Yes,34141.09,15586.59,0,72.96,0
CUST000200,2016-08-14,Current,No,40111.03,2184.65,0,16.68,1
CUST000201,2014-12-13,Current,Yes,10530.16,16522.99,9,53.4,1
CUST000202,2008-01-02,Savings,Yes,35170.38,35382.49,2,69.3,1
CUST000203,2007-05-20,Fixed Deposit,No,46062.98,38133.1,4,61.38,4
CUST000204,1996-08-08,Savings,Yes,13206.74,17457.32,4,47.85,0
CUST000205,2017-01-27,Fixed Deposit,No,42916.63,20896.37,0,78.32,2
CUST000206,2002-06-01,Fixed Deposit,Yes,27613.98,48165.3,9,13.97,4
CUST000207,2014-12-06,Savings,Yes,45142.4,31929.33,8,91.44,0
CUST000208,2005-12-18,Fixed Deposit,Yes,18447.22,19700.67,6,94.95,5
CUST000209,1991-06-11,Savings,Yes,28902.02,8568.48,9,3.33,1
CUST000210,2004-05-11,Current,No,29838.17,41760.35,5,9.67,0
CUST000211,2005-11-03,Fixed Deposit,No,25100.07,21655.59,1,49.81,0
CUST000212,2013-05-30,Savings,Yes,43462.8,7932.79,2,52.91,0
CUST000213,2002-09-15,Savings,No,10020.64,36067.74,9,32.36,1
CUST000214,2011-01-25,Current,No,12055.49,13873.11,0,47.63,3
CUST000215,2015-08-01,Fixed Deposit,Yes,25586.05,40366.29,4,22.91,5
CUST000216,2016-04-24,Current,No,34098.41,8521.51,10,15.77,5
CUST000217,1996-08-16,Current,Yes,9065.85,28621.09,9,85.68,1
CUST000218,2010-02-03,Current,No,41456.14,14272.63,8,22.23,2
CUST000219,2013-02-23,Fixed Deposit,No,21433.74,9315.83,9,92.13,0
CUST000220,2022-10-02,Fixed Deposit,Yes,30164.5,15456.05,5,51.04,2
CUST000221,1993-08-01,Fixed Deposit,No,35248.0,37779.96,3,55.31,4
CUST000222,1999-10-03,Current,Yes,30771.33,6957.33,2,60.29,1
CUST000223,1987-09-06,Savings,No,15559.12,38214.71,9,46.29,2
CUST000224,1989-10-19,Fixed Deposit,No,18788.74,45523.34,7,70.47,4
CUST000225,1999-08-31,Savings,No,44644.07,15380.21,3,41.95,3
CUST000226,2020-03-15,Current,No,3029.8,20914.63,3,70.96,1
CUST000227,2013-10-11,Current,Yes,28191.89,15617.25,4,34.96,4
CUST000228,1985-07-15,Current,No,6864.11,29359.26,2,19.65,5
CUST000229,2002-12-15,Fixed Deposit,No,29199.16,13001.5,2,47.64,2
CUST000230,2007-06-12,Fixed Deposit,Yes,18991.85,15339.75,1,85.18,5
CUST000231,2020-10-18,Fixed Deposit,No,1729.14,2636.97,0,99.16,1
CUST000232,2002-02-17,Fixed Deposit,No,28543.65,49571.26,7,98.65,2
CUST000233,2016-06-02,Fixed Deposit,No,22464.96,12574.18,8,9.58,5
CUST000234,2012-10-22,Fixed Deposit,Yes,29582.32,29734.75,7,90.47,5
CUST000235,1982-02-28,Savings,No,24903.92,32657.72,0,48.21,0
CUST000236,1986-06-01,Current,No,36565.54,37678.02,0,93.54,3
CUST000237,2017-08-17,Fixed Deposit,Yes,28469.68,6037.41,8,30.89,2
CUST000238,2014-03-28,Current,No,37543.89,27287.4,7,66.13,1
CUST000239,1997-02-21,Current,Yes,8107.05,28241.51,1,85.4,4
CUST000240,1988-07-05,Fixed Deposit,No,12847.25,4187.94,0,87.35,2
CUST000241,1991-07-06,Fixed Deposit,No,29413.47,10733.59,3,29.54,2
CUST000242,2011-07-02,Fixed Deposit,Yes,31928.36,11819.26,9,73.79,3
CUST000243,1998-08-08,Savings,Yes,5951.77,15934.4,5,28.21,5
CUST000244,2022-12-31,Fixed Deposit,No,46324.7,5827.51,9,21.28,0
CUST000245,1983-01-26,Savings,No,25505.01,41740.14,4,65.84,3
CUST000246,1984-08-05,Fixed Deposit,Yes,19131.73,13804.86,0,4.77,1
CUST000247,1997-04-27,Savings,Yes,30953.16,13108.87,10,63.23,0
CUST000248,2003-12-28,Savings,No,27306.09,8743.78,2,29.28,1
CUST000249,2014-10-13,Savings,No,8385.84,49554.11,3,7.99,3
CUST000250,1982-05-23,Savings,No,30091.69,36654.15,0,64.36,5
CUST000251,1987-06-03,Savings,No,49823.78,23682.38,0,58.71,1
CUST000252,2008-12-08,Fixed Deposit,Yes,10868.85,43622.17,4,19.18,1
CUST000253,1989-12-07,Fixed Deposit,Yes,22298.06,9956.14,7,15.1,1
CUST000254,1982-05-15,Current,No,21131.37,18202.04,9,35.06,0
CUST000255,2015-06-28,Savings,Yes,13229.42,25031.17,4,93.94,1
CUST000256,2004-08-10,Fixed Deposit,Yes,13820.4,44377.81,10,7.81,2
CUST000257,1998-11-29,Current,No,48585.15,22455.95,8,43.31,0
CUST000258,2024-10-22,Savings,Yes,2974.88,25527.69,7,3.73,2
CUST000259,2018-06-19,Fixed Deposit,Yes,26207.54,5496.81,9,90.15,1
CUST000260,2007-02-16,Savings,Yes,19578.16,31715.61,4,80.8,4
CUST000261,1981-11-03,Savings,Yes,10236.73,42576.56,5,71.38,4
CUST000262,2010-10-05,Savings,Yes,22211.78,4695.45,3,32.69,2
CUST000263,2007-10-03,Fixed Deposit,Yes,9744.94,27516.59,1,34.71,4
CUST000264,2003-09-17,Current,Yes,25701.99,19466.05,0,71.77,3
CUST000265,1991-12-19,Savings,No,6289.94,31177.0,3,40.49,2
CUST000266,2011-06-19,Current,No,23089.12,41828.4,3,80.58,5
CUST000267,1993-06-17,Savings,No,14829.82,4789.82,9,43.06,0
CUST000268,1996-10-08,Fixed Deposit,Yes,22685.78,9667.65,4,71.26,4
CUST000269,1984-08-04,Fixed Deposit,No,39565.22,34030.0,2,73.23,4
CUST000270,1992-09-26,Savings,Yes,12565.93,18407.88,8,22.22,2
CUST000271,1983-04-07,Current,No,32489.52,22915.15,3,21.55,5
CUST000272,2018-06-02,Fixed Deposit,No,18885.27,3580.81,2,89.97,5
CUST000273,1991-07-02,Savings,No,13210.44,16485.16,4,34.82,3
CUST000274,2020-10-05,Fixed Deposit,Yes,13540.78,17281.19,0,87.02,5
CUST000275,1996-11-22,Savings,Yes,13196.66,16531.2,7,51.53,0
CUST000276,1991-04-20,Current,Yes,48770.44,15954.06,6,84.15,2
CUST000277,2013-06-18,Fixed Deposit,No,38609.01,17314.38,2,79.5,2
CUST000278,1992-01-03,Current,No,26366.0,49026.05,1,87.81,3
CUST000279,1990-07-27,Savings,No,43720.96,26637.95,0,48.74,5
CUST000280,2015-12-26,Fixed Deposit,No,31634.52,6135.44,6,45.8,3
CUST000281,2002-12-04,Fixed Deposit,Yes,17727.91,49904.61,6,96.27,1
CUST000282,2020-11-20,Current,No,26108.43,6441.45,4,20.52,4
CUST000283,1983-09-06,Current,No,28300.76,14740.05,0,16.49,4
CUST000284,2007-03-04,Savings,Yes,39790.45,26465.25,7,69.82,1
CUST000285,2005-10-03,Current,No,14688.24,44723.28,5,56.52,1
CUST000286,2012-03-12,Savings,No,26203.56,3346.38,10,77.84,0
CUST000287,2020-04-01,Fixed Deposit,Yes,42135.06,41565.64,7,18.44,1
CUST000288,1988-08-07,Fixed Deposit,Yes,48446.3,21565.78,3,73.44,5
CUST000289,2013-02-02,Fixed Deposit,No,47527.45,14555.9,0,13.19,2
CUST000290,2010-10-27,Fixed Deposit,Yes,23830.31,22421.11,2,59.38,4
CUST000291,2018-11-18,Savings,Yes,19018.66,12706.47,3,69.14,3
CUST000292,1994-08-21,Savings,Yes,34645.9,27252.63,3,74.01,4
CUST000293,2007-10-29,Fixed Deposit,Yes,29030.84,27726.28,4,15.23,0
CUST000294,1994-07-02,Current,No,32476.86,18435.63,5,84.49,1
CUST000295,2010-12-02,Fixed Deposit,Yes,27359.56,17843.99,1,86.52,0
CUST000296,1984-12-13,Savings,No,7113.57,45777.79,2,12.67,0
CUST000297,2001-11-08,Current,No,4929.93,24754.72,9,61.3,5
CUST000298,1987-10-03,Savings,No,47887.42,7785.91,5,2.96,4
CUST000299,2024-10-14,Fixed Deposit,No,19381.48,49415.14,1,31.47,1
CUST000300,2001-06-10,Current,No,37150.06,43398.65,8,24.3,3
CUST000301,2013-11-07,Current,No,37223.8,32750.28,6,84.82,4
CUST000302,2009-07-24,Savings,No,39394.76,38448.33,8,92.56,5
CUST000303,2003-10-11,Savings,No,13436.81,9630.56,4,69.47,5
CUST000304,1990-07-31,Fixed Deposit,No,35198.71,44467.57,10,28.3,4
CUST000305,1998-03-21,Current,Yes,40180.47,32932.06,0,95.14,3
CUST000306,2013-01-14,Fixed Deposit,Yes,41119.55,4191.01,10,34.47,2
CUST000307,2024-09-06,Savings,Yes,38778.86,39959.06,9,35.3,4
CUST000308,2004-12-16,Current,No,5855.69,32329.72,6,11.13,2
CUST000309,1987-10-09,Fixed Deposit,Yes,23077.42,9813.44,5,97.58,4
CUST000310,2000-09-21,Current,Yes,23642.8,25162.42,4,63.28,2
CUST000311,1981-05-08,Current,No,4374.52,24155.75,3,71.74,3
CUST000312,2019-02-11,Fixed Deposit,Yes,36896.14,8750.43,5,27.18,2
CUST000313,2024-10-26,Savings,No,14074.22,24598.23,4,45.77,1
CUST000314,2002-10-25,Savings,Yes,4726.3,13983.68,7,26.36,4
CUST000315,2024-04-11,Savings,Yes,26177.76,43466.36,3,7.61,3
CUST000316,2003-09-08,Fixed Deposit,No,45331.91,9946.47,10,66.23,0
CUST000317,1984-01-12,Current,No,28877.61,38036.48,6,25.2,0
CUST000318,1990-07-22,Current,No,36621.49,31911.78,1,69.41,5
CUST000319,2013-05-22,Savings,No,22626.98,17246.94,3,54.05,0
CUST000320,1982-09-21,Savings,No,21469.74,35297.04,8,88.23,0
CUST000321,1997-05-31,Fixed Deposit,Yes,11209.9,12412.56,9,63.95,5
CUST000322,1982-04-16,Fixed Deposit,No,29664.74,32281.81,10,77.29,0
CUST000323,2003-07-29,Savings,No,39971.39,32338.32,7,77.48,3
CUST000324,2015-05-15,Fixed Deposit,Yes,18046.47,4105.11,6,27.34,4
CUST000325,2020-07-22,Savings,Yes,21249.6,11037.76,3,41.85,2
CUST000326,2011-06-04,Current,No,14925.86,38725.44,5,74.17,3
CUST000327,2012-07-19,Savings,No,46001.35,7212.85,6,23.72,2
CUST000328,1983-07-27,Fixed Deposit,Yes,8482.12,43727.08,3,40.78,0
CUST000329,2019-11-15,Savings,Yes,8559.42,29893.52,2,58.42,5
CUST000330,2003-10-16,Fixed Deposit,Yes,34148.99,27996.93,4,56.18,1
CUST000331,2016-08-13,Fixed Deposit,No,31313.49,35845.01,0,61.78,1
CUST000332,2011-10-07,Current,No,24443.8,42136.92,2,84.17,1
CUST000333,2011-06-09,Current,No,17570.28,46823.13,9,58.36,5
CUST000334,2002-12-26,Savings,No,23838.16,37362.5,6,68.6,1
CUST000335,1999-04-17,Savings,No,8621.15,36805.85,9,67.95,2
CUST000336,2006-07-24,Savings,Yes,40207.04,35136.76,4,43.0,4
CUST000337,2015-06-26,Fixed Deposit,Yes,31551.36,16201.39,7,89.11,4
CUST000338,2021-02-27,Savings,No,48730.99,18693.06,4,64.18,0
CUST000339,1986-04-23,Savings,Yes,39545.82,44765.83,6,39.7,0
CUST000340,2009-03-23,Current,No,46387.49,5436.87,7,94.36,1
CUST000341,1984-06-13,Savings,Yes,21341.74,36497.61,5,78.88,1
CUST000342,2009-01-31,Fixed Deposit,Yes,34736.43,39466.31,3,36.3,4
CUST000343,2024-06-30,Fixed Deposit,No,33610.67,43385.12,4,77.1,5
CUST000344,1986-03-23,Savings,Yes,38026.77,19544.49,0,65.09,2
CUST000345,2012-01-11,Current,Yes,45145.53,45894.81,5,24.58,1
CUST000346,1992-04-02,Fixed Deposit,No,10647.02,35296.27,1,18.54,5
CUST000347,1998-03-08,Fixed Deposit,No,22306.63,16292.61,9,51.68,4
CUST000348,2003-05-25,Current,Yes,6611.47,21398.35,1,89.11,2
CUST000349,1982-11-29,Savings,Yes,21221.87,37693.03,9,53.3,4
CUST000350,1998-10-15,Savings,No,12240.75,16368.31,9,52.95,0
CUST000351,2007-05-27,Savings,No,17546.93,28028.29,9,25.62,1
CUST000352,1990-02-07,Savings,Yes,32491.66,42532.51,7,74.5,4
CUST000353,2016-12-28,Fixed Deposit,No,41247.03,24380.06,9,57.64,4
CUST000354,1997-01-23,Fixed Deposit,No,42733.11,38052.8,8,19.61,3
CUST000355,2024-01-20,Current,Yes,36916.07,35913.22,4,23.91,4
CUST000356,2005-02-28,Current,Yes,25539.9,18333.36,10,80.4,5
CUST000357,1997-04-23,Fixed Deposit,Yes,11396.57,35915.77,9,18.09,3
CUST000358,1991-12-16,Savings,No,31365.39,40373.87,8,94.2,2
CUST000359,2004-12-13,Fixed Deposit,No,34892.6,9536.87,10,59.17,1
CUST000360,2017-06-07,Fixed Deposit,No,16928.98,11924.94,3,16.51,5
CUST000361,2001-05-15,Fixed Deposit,No,6016.62,36765.49,0,95.95,3
CUST000362,2023-09-17,Current,No,5526.01,19910.09,4,66.41,5
CUST000363,1981-06-02,Savings,No,38512.46,29280.9,8,83.05,3
CUST000364,1982-08-05,Current,Yes,17817.55,7371.38,4,65.05,2
CUST000365,1985-12-10,Savings,No,41561.87,44656.08,6,42.89,0
CUST000366,2002-01-14,Fixed Deposit,Yes,23318.06,41123.88,7,70.89,0
CUST000367,2006-04-07,Fixed Deposit,No,5314.46,48166.91,8,29.9,5
CUST000368,2006-09-21,Current,Yes,36029.1,46001.47,1,55.41,5
CUST000369,2020-12-08,Savings,Yes,22050.96,36789.18,7,86.78,3
CUST000370,1994-12-23,Savings,Yes,26489.75,41154.56,4,26.49,3
CUST000371,2011-10-09,Savings,Yes,1871.68,13919.08,6,63.57,3
CUST000372,2013-09-09,Current,No,33768.83,38556.67,5,16.99,2
CUST000373,1995-03-22,Current,No,32277.47,21358.94,2,82.93,5
CUST000374,2005-02-07,Current,Yes,49532.25,7368.22,4,3.24,3
CUST000375,2012-01-11,Fixed Deposit,Yes,32486.61,17227.49,1,66.12,4
CUST000376,2013-07-21,Current,No,27097.36,48976.57,0,89.0,2
CUST000377,1989-12-31,Current,Yes,11271.04,18977.27,3,40.27,1
CUST000378,1999-08-02,Savings,Yes,39065.18,11556.75,2,71.52,3
CUST000379,1988-11-21,Current,Yes,47238.07,26468.7,3,2.57,0
CUST000380,2007-06-29,Current,No,19448.71,40296.36,7,46.13,1
CUST000381,1984-12-27,Fixed Deposit,No,24959.55,36290.11,2,38.96,4
CUST000382,2019-10-25,Current,No,19578.42,44320.51,9,20.69,4
CUST000383,2008-02-18,Savings,Yes,24013.35,33992.91,10,64.43,3
CUST000384,1999-07-29,Current,No,46358.56,43933.46,7,96.31,4
CUST000385,2024-10-26,Current,Yes,31628.51,44441.22,8,77.22,1
CUST000386,1998-06-09,Savings,No,35666.26,35239.54,7,2.35,2
CUST000387,2012-10-07,Savings,No,19428.08,24152.48,0,61.55,0
CUST000388,2010-02-20,Fixed Deposit,Yes,27328.48,30543.42,0,1.89,4
CUST000389,1987-03-22,Savings,Yes,42641.5,23830.25,6,1.68,5
CUST000390,1995-01-02,Current,Yes,26268.73,47275.7,1,75.39,5
CUST000391,1990-03-10,Current,Yes,32679.2,17673.18,10,29.93,4
CUST000392,2020-04-10,Current,No,46021.88,4972.75,7,71.99,0
CUST000393,1998-11-30,Savings,Yes,30645.12,32102.15,1,34.15,5
CUST000394,2014-04-07,Fixed Deposit,Yes,1363.19,13272.27,2,87.24,4
CUST000395,1992-12-14,Savings,Yes,29806.49,39447.72,0,18.63,2
CUST000396,2010-03-15,Savings,No,30943.41,20700.11,2,33.99,1
CUST000397,1982-09-14,Savings,No,26622.8,18838.89,6,63.67,2
CUST000398,1987-04-17,Current,Yes,6013.43,48884.26,5,60.48,5
CUST000399,2013-02-19,Current,Yes,16250.05,48631.54,6,35.23,5
CUST000400,1989-02-14,Current,No,28071.28,32909.91,0,57.83,4
CUST000401,1994-04-22,Current,No,8830.97,7913.33,4,5.75,0
CUST000402,1994-11-09,Current,No,23760.12,19000.75,5,60.66,0
CUST000403,2020-10-24,Savings,Yes,24800.44,27094.33,3,44.23,1
CUST000404,2017-05-16,Fixed Deposit,Yes,40666.93,15569.4,9,91.53,4
CUST000405,2009-07-11,Savings,Yes,10300.93,23158.41,3,40.16,5
CUST000406,2000-12-27,Savings,No,11207.59,33275.68,7,80.76,5
CUST000407,1990-12-15,Current,No,44794.69,28505.13,0,67.17,4
CUST000408,1984-11-08,Fixed Deposit,No,27049.6,24542.59,3,7.08,2
CUST000409,1990-10-06,Fixed Deposit,No,8515.52,15571.71,3,2.75,4
CUST000410,1990-11-13,Current,No,29715.38,5614.8,5,49.88,0
CUST000411,1998-01-20,Savings,No,3783.93,49826.76,1,80.66,5
CUST000412,2015-02-16,Fixed Deposit,No,45135.15,15637.83,0,42.05,3
CUST000413,1997-02-03,Fixed Deposit,No,43043.13,47281.09,4,0.65,4
CUST000414,2017-03-28,Savings,Yes,13761.84,11508.6,7,53.21,1
CUST000415,1987-10-11,Fixed Deposit,Yes,40593.73,23278.56,4,42.95,3
CUST000416,2024-08-11,Savings,No,8380.05,4170.06,4,44.06,1
CUST000417,2001-10-30,Savings,No,26445.28,48243.09,10,10.13,5
CUST000418,2017-05-15,Fixed Deposit,No,17155.48,5157.48,9,52.08,3
CUST000419,1994-07-11,Current,Yes,20090.96,15441.04,2,55.85,3
CUST000420,1994-12-06,Fixed Deposit,Yes,38915.25,41081.54,2,98.35,1
CUST000421,1997-12-12,Fixed Deposit,No,15353.09,27742.18,8,45.87,2
CUST000422,1996-07-31,Fixed Deposit,Yes,22395.86,33294.15,2,76.09,5
CUST000423,2006-11-16,Current,Yes,31075.56,1387.66,6,62.89,0
CUST000424,1993-04-20,Savings,No,26269.81,16558.02,5,0.47,2
CUST000425,1988-01-05,Fixed Deposit,Yes,2221.14,32340.01,0,90.67,3
CUST000426,2011-04-03,Current,No,28822.4,17203.26,4,87.41,4
CUST000427,2012-02-10,Current,Yes,26426.13,13450.95,6,18.38,5
CUST000428,1983-02-09,Fixed Deposit,Yes,46277.43,44294.67,6,76.05,4
CUST000429,2015-06-15,Current,Yes,32419.78,29503.24,0,45.02,4
CUST000430,2017-04-03,Fixed Deposit,Yes,12552.39,1834.56,7,16.3,3
CUST000431,2010-08-16,Current,Yes,7195.57,1281.43,7,82.52,4
CUST000432,1999-02-28,Current,Yes,18718.84,23071.6,5,92.26,1
CUST000433,1980-11-21,Fixed Deposit,Yes,31462.32,21229.8,4,57.13,0
CUST000434,2015-05-25,Current,No,28361.21,20198.52,6,59.22,4
CUST000435,1983-07-20,Current,Yes,43249.16,28181.6,7,27.27,1
CUST000436,2022-10-25,Savings,Yes,47799.47,31271.35,9,56.71,0
CUST000437,1996-01-03,Savings,Yes,18681.05,13172.96,1,67.0,1
CUST000438,1995-07-17,Savings,No,21616.23,37669.26,2,51.63,1
CUST000439,2020-10-19,Fixed Deposit,Yes,15410.6,49765.2,3,59.32,1
CUST000440,2007-08-22,Fixed Deposit,No,26785.53,6825.45,5,69.36,3
CUST000441,2016-09-28,Current,Yes,17708.22,37173.86,9,97.09,1
CUST000442,2021-10-04,Savings,No,12663.56,41467.87,7,53.22,2
CUST000443,2007-07-15,Current,Yes,1159.89,6139.02,2,51.38,2
CUST000444,1984-03-10,Fixed Deposit,Yes,45666.52,30777.5,2,7.01,2
CUST000445,2002-07-30,Savings,No,32260.67,19924.38,5,43.94,5
CUST000446,2000-11-01,Fixed Deposit,Yes,17464.97,48421.07,4,73.85,3
CUST000447,2009-06-29,Current,Yes,34629.06,48968.26,0,32.3,5
CUST000448,2011-02-01,Current,Yes,6282.88,16894.77,0,72.32,2
CUST000449,2015-10-26,Savings,Yes,36864.09,47982.39,4,12.37,4
CUST000450,2001-01-08,Fixed Deposit,Yes,37107.53,47458.16,3,36.26,1
CUST000451,2010-07-10,Savings,No,17688.43,40569.35,9,3.26,4
CUST000452,2014-04-11,Current,No,11834.96,20984.73,1,93.17,5
CUST000453,2007-07-15,Current,No,17973.26,9282.8,2,53.42,5
CUST000454,2005-07-22,Current,Yes,31040.15,26376.4,5,10.66,2
CUST000455,2011-01-03,Fixed Deposit,Yes,37739.84,23710.8,10,5.52,1
CUST000456,2011-05-11,Savings,No,3374.13,6207.27,5,68.39,2
CUST000457,1997-08-23,Current,Yes,19158.21,45778.67,10,41.14,1
CUST000458,1980-12-18,Current,Yes,13882.28,11614.26,5,74.94,2
CUST000459,2021-09-02,Fixed Deposit,Yes,44650.41,17310.64,7,14.31,1
CUST000460,2024-06-02,Savings,Yes,29352.33,49022.09,9,73.4,5
CUST000461,2009-08-12,Current,No,29746.18,20904.01,5,18.39,0
CUST000462,2004-08-03,Fixed Deposit,Yes,49970.74,42406.65,0,10.7,0
CUST000463,2002-02-06,Fixed Deposit,Yes,27019.24,19796.65,9,23.38,3
CUST000464,2017-01-30,Fixed Deposit,Yes,34053.86,11720.47,3,84.01,4
CUST000465,1985-10-27,Fixed Deposit,Yes,7811.14,32296.03,2,72.2,5
CUST000466,2001-03-02,Current,Yes,32041.58,45757.47,8,33.56,5
CUST000467,1992-06-20,Fixed Deposit,Yes,26383.34,2518.77,9,83.93,2
CUST000468,1989-01-31,Current,No,19277.94,31540.23,0,69.85,4
CUST000469,2008-08-10,Current,Yes,7899.78,31278.79,6,65.59,4
CUST000470,2001-11-15,Current,Yes,23750.03,30390.71,8,96.19,0
CUST000471,1999-10-11,Fixed Deposit,Yes,41267.6,43073.52,4,82.38,2
CUST000472,1987-09-13,Current,No,38976.85,43393.98,1,47.73,2
CUST000473,2005-09-18,Savings,No,1724.43,42880.55,7,8.77,4
CUST000474,1984-01-29,Current,No,45978.75,14481.08,1,68.32,0
CUST000475,2022-01-19,Fixed Deposit,Yes,18637.82,18466.42,4,19.32,5
CUST000476,2000-01-08,Savings,No,1054.08,45361.01,8,86.12,4
CUST000477,2018-09-25,Current,No,48768.21,47758.96,6,99.28,1
CUST000478,1984-06-13,Savings,No,13910.02,3260.95,5,31.24,0
CUST000479,2012-01-08,Current,No,18281.9,33164.77,7,46.77,1
CUST000480,2009-07-10,Current,Yes,17821.16,35285.75,4,8.15,2
CUST000481,2018-06-28,Savings,No,36793.34,11792.9,0,57.07,0
CUST000482,1990-09-14,Fixed Deposit,No,40348.1,40417.44,3,83.41,0
CUST000483,1997-09-22,Savings,No,12732.4,47483.81,8,65.82,4
CUST000484,2024-01-07,Savings,Yes,22303.04,8701.74,2,6.64,2
CUST000485,1992-10-18,Fixed Deposit,Yes,16618.01,1110.19,8,66.62,5
CUST000486,2003-12-04,Fixed Deposit,Yes,15861.49,4061.89,1,50.64,2
CUST000487,1985-11-29,Current,No,14708.83,12448.31,4,14.29,2
CUST000488,2008-07-22,Current,No,11401.36,18660.75,0,74.6,4
CUST000489,2022-11-13,Fixed Deposit,Yes,30647.01,17057.24,2,32.36,3
CUST000490,2024-05-07,Fixed Deposit,No,9461.92,47404.42,10,50.75,4
CUST000491,2016-12-09,Current,Yes,12438.51,28618.08,1,56.84,5
CUST000492,2022-08-04,Savings,Yes,3958.55,40230.75,9,70.64,1
CUST000493,1988-09-27,Savings,Yes,45861.25,8802.45,4,15.02,3
CUST000494,2014-08-25,Current,Yes,18699.0,14825.21,8,11.69,5
CUST000495,1987-12-10,Current,Yes,15804.54,14275.33,8,31.13,1
CUST000496,2002-03-21,Savings,Yes,29849.45,6021.31,4,95.09,5
CUST000497,2013-09-30,Savings,No,11950.87,21762.02,8,85.94,2
CUST000498,1980-04-23,Fixed Deposit,Yes,19000.43,46024.33,10,29.48,3
CUST000499,2006-02-14,Savings,Yes,12843.96,39933.17,3,40.71,3
CUST000500,1986-10-25,Savings,Yes,35764.6,25815.8,3,68.52,0
