customer_id,credit_score,total_loans_active,total_credit_limit,total_credit_exposure,loan_id,loan_type,loan_amount,loan_start_date,loan_end_date,emi_amount,payments_missed_count,days_past_due
CUST000001,538,7,441850.97,436371.85,LOAN0000001,Personal,224958.33,2004-04-24,2024-07-11,4590.99,3,130
CUST000002,583,10,213602.31,56344.02,LOAN0000002,Auto,487395.82,2012-05-09,2017-01-18,27077.55,10,74
CUST000003,730,0,313986.72,268248.9,LOAN0000003,Education,392512.93,2009-03-10,2016-08-04,4617.8,10,12
CUST000004,394,4,737574.01,333436.16,LOAN0000004,Home,462782.32,2019-11-25,2021-09-25,4449.83,8,29
CUST000005,834,2,474398.89,123144.59,LOAN0000005,Personal,271936.06,2024-04-19,2024-10-22,2517.93,6,137
CUST000006,642,3,633777.51,476365.72,LOAN0000006,Home,80770.54,2012-08-31,2021-05-16,2071.04,9,36
CUST000007,507,10,976204.39,657781.92,LOAN0000007,Auto,72628.76,2015-07-08,2017-04-05,648.47,2,14
CUST000008,604,10,539023.53,101799.35,LOAN0000008,Personal,116372.31,2011-05-28,2021-02-21,9697.69,0,0
CUST000009,790,6,228586.35,53833.44,LOAN0000009,Home,333548.92,2002-04-01,2024-11-08,15883.28,5,43
CUST000010,583,0,203966.43,63054.24,LOAN0000010,Auto,434570.31,2001-09-12,2005-10-24,7492.59,1,8
CUST000011,696,7,32351.57,14795.75,LOAN0000011,Education,147421.39,2003-08-03,2015-07-07,3276.03,5,164
CUST000012,731,7,880214.35,786154.98,LOAN0000012,Home,335969.85,2014-06-08,2022-02-08,14607.38,7,111
CUST000013,400,6,574272.06,85411.12,LOAN0000013,Education,119244.18,2020-09-08,2023-03-21,2484.25,3,137
CUST000014,818,7,509850.61,34765.66,LOAN0000014,Auto,309284.58,2015-01-04,2016-03-12,3475.11,9,36
CUST000015,397,8,999497.09,819402.18,LOAN0000015,Auto,335443.64,2005-12-21,2006-09-08,13976.82,2,159
CUST000016,300,0,692305.97,285789.33,LOAN0000016,Auto,174625.2,2020-10-01,2022-01-17,2494.65,9,98
CUST000017,727,7,192239.73,30940.81,LOAN0000017,Education,1010.1,2007-12-24,2024-09-13,8.63,5,28
CUST000018,349,6,357807.0,28310.51,LOAN0000018,Personal,324856.15,2008-07-09,2008-08-03,3531.05,6,66
CUST000019,365,8,983304.46,752186.45,LOAN0000019,Home,424792.36,2015-05-11,2017-02-10,16991.69,1,23
CUST000020,789,0,748141.99,162322.1,LOAN0000020,Auto,461946.21,2010-05-16,2011-02-13,6599.23,3,99
CUST000021,646,8,423477.0,210470.76,LOAN0000021,Education,372790.6,2000-03-06,2003-05-23,3186.24,10,103
CUST000022,437,0,728478.43,637480.66,LOAN0000022,Personal,434716.46,2003-09-20,2006-07-04,5054.84,9,8
CUST000023,509,4,987619.76,920350.76,LOAN0000023,Home,494322.3,2004-06-14,2008-02-23,10088.21,4,134
CUST000024,811,7,773364.45,763697.83,LOAN0000024,Home,342668.29,2022-06-04,2024-06-12,13706.73,9,109
CUST000025,706,5,736989.01,394541.58,LOAN0000025,Auto,13081.58,2024-05-21,2024-08-06,174.42,9,38
CUST000026,481,4,73709.74,40231.51,LOAN0000026,Personal,9642.79,2015-10-21,2018-06-14,275.51,1,144
CUST000027,379,2,447828.74,124184.19,LOAN0000027,Education,482549.88,2015-07-24,2023-08-10,32169.99,2,128
CUST000028,790,1,352031.37,46208.58,LOAN0000028,Home,308610.28,2006-06-06,2013-02-24,3429.0,0,0
CUST000029,743,8,526691.52,245488.73,LOAN0000029,Education,419150.02,2018-11-16,2020-08-29,8918.09,7,147
CUST000030,305,10,318195.31,226195.45,LOAN0000030,Auto,481726.36,2002-06-15,2021-05-19,6509.82,9,168
CUST000031,781,4,960078.87,664287.13,LOAN0000031,Home,490722.27,2014-01-26,2024-03-27,9258.91,7,143
CUST000032,362,1,247514.16,57390.05,LOAN0000032,Personal,337849.99,2017-03-07,2022-11-12,12066.07,10,59
CUST000033,567,2,843761.43,143990.65,LOAN0000033,Personal,5920.99,2006-04-26,2009-07-03,348.29,9,120
CUST000034,589,8,417151.4,345675.7,LOAN0000034,Personal,360342.67,2002-10-15,2010-09-03,4003.81,9,75
CUST000035,754,3,49857.52,11226.75,LOAN0000035,Education,459442.55,2008-04-14,2020-02-05,32817.32,6,100
CUST000036,439,7,935627.47,877045.94,LOAN0000036,Education,305890.98,2002-07-04,2014-11-16,3515.99,3,87
CUST000037,429,7,36075.47,1969.55,LOAN0000037,Personal,396230.48,2022-01-31,2024-10-03,7337.6,4,118
CUST000038,372,9,69017.69,29199.65,LOAN0000038,Home,326941.79,2024-02-16,2024-10-10,12108.96,10,72
CUST000039,460,5,437123.32,54774.18,LOAN0000039,Personal,360605.11,2010-04-30,2012-02-11,4006.72,4,138
CUST000040,583,2,441059.97,163279.12,LOAN0000040,Auto,280944.43,2011-08-18,2012-07-22,18729.63,9,63
CUST000041,699,8,899093.33,281943.48,LOAN0000041,Auto,160392.39,2003-04-02,2018-05-21,10692.83,2,41
CUST000042,766,7,455768.46,440301.56,LOAN0000042,Personal,463605.06,2019-09-28,2022-05-09,3895.84,0,0
CUST000043,321,9,718797.25,387230.25,LOAN0000043,Personal,74815.05,2014-07-25,2016-04-01,4156.39,4,54
CUST000044,593,5,435221.72,20410.07,LOAN0000044,Education,445456.87,2019-09-21,2024-02-13,7070.74,3,17
CUST000045,593,2,282121.24,158412.56,LOAN0000045,Personal,151515.44,2007-03-23,2009-06-11,1530.46,9,93
CUST000046,326,4,86158.44,27541.8,LOAN0000046,Personal,406461.51,2018-04-30,2024-04-12,9237.76,10,119
CUST000047,827,7,763967.49,599443.72,LOAN0000047,Home,20976.22,2010-11-08,2015-08-20,211.88,6,151
CUST000048,470,2,382143.74,243176.12,LOAN0000048,Personal,312123.35,2017-09-22,2021-06-07,5202.06,1,171
CUST000049,464,6,622843.99,95805.84,LOAN0000049,Personal,114084.07,2006-07-05,2021-10-24,3002.21,9,143
CUST000050,691,5,698553.81,272642.3,LOAN0000050,Auto,85106.11,2018-07-26,2022-04-19,2026.34,2,30
CUST000051,547,3,799794.63,180097.79,LOAN0000051,Home,428562.79,2003-10-20,2005-03-30,4511.19,9,17
CUST000052,408,8,849123.61,830934.74,LOAN0000052,Home,477516.64,2008-04-12,2008-05-23,7701.88,8,31
CUST000053,789,2,350507.55,284125.84,LOAN0000053,Home,45456.05,2002-01-28,2008-10-18,1623.43,6,54
CUST000054,833,1,308126.25,124665.86,LOAN0000054,Education,6373.25,2019-05-20,2022-05-22,106.22,8,99
CUST000055,612,8,522770.7,327793.85,LOAN0000055,Education,264674.82,2006-04-07,2014-01-14,2973.87,2,123
CUST000056,517,10,826522.6,530420.13,LOAN0000056,Education,305937.25,2007-08-06,2014-10-17,2731.58,1,19
CUST000057,549,9,598638.38,73656.64,LOAN0000057,Education,347982.81,2024-07-07,2024-12-22,11225.25,8,127
CUST000058,369,4,85880.6,63613.31,LOAN0000058,Education,497966.78,2000-12-18,2004-03-31,10595.04,2,46
CUST000059,493,9,589824.72,75896.84,LOAN0000059,Education,415826.0,2008-09-16,2011-12-11,3850.24,2,33
CUST000060,583,6,82473.09,50171.77,LOAN0000060,Home,455917.96,2014-07-25,2015-02-09,4426.39,7,138
CUST000061,626,6,576629.71,470301.31,LOAN0000061,Education,424302.8,2017-12-08,2019-12-09,3788.42,9,138
CUST000062,644,10,566070.5,564216.66,LOAN0000062,Auto,317891.38,2014-01-09,2016-06-08,5480.89,2,32
CUST000063,495,0,77328.97,43269.98,LOAN0000063,Auto,288607.63,2003-04-13,2005-02-22,2647.78,8,154
CUST000064,630,9,607486.15,100374.79,LOAN0000064,Auto,247205.81,2017-01-20,2018-02-09,2207.19,6,86
CUST000065,678,9,961796.88,916337.52,LOAN0000065,Personal,170840.16,2018-12-06,2024-04-12,1708.4,5,91
CUST000066,568,0,363509.47,303242.07,LOAN0000066,Home,298784.09,2010-08-16,2013-10-18,7862.74,9,33
CUST000067,364,6,826554.53,427438.06,LOAN0000067,Education,32589.98,2000-07-12,2010-08-09,271.58,6,78
CUST000068,593,6,307369.09,143489.79,LOAN0000068,Education,387227.18,2009-01-05,2023-05-03,3488.53,0,0
CUST000069,706,0,793580.3,441538.1,LOAN0000069,Home,65388.98,2019-08-18,2023-05-30,589.09,3,158
CUST000070,803,10,199698.02,183533.71,LOAN0000070,Home,381199.86,2001-09-27,2022-08-09,4825.31,7,86
CUST000071,355,9,955198.2,492602.84,LOAN0000071,Education,131958.56,2021-10-05,2024-04-28,7331.03,6,2
CUST000072,417,4,570223.57,123898.53,LOAN0000072,Auto,453681.18,2010-06-27,2020-01-28,4320.77,1,68
CUST000073,684,1,472256.69,110435.74,LOAN0000073,Home,100642.77,2004-10-25,2013-10-18,1016.59,0,0
CUST000074,455,1,60029.77,29693.46,LOAN0000074,Home,195555.94,2014-01-01,2018-09-02,3104.06,5,6
CUST000075,566,9,793759.79,78134.57,LOAN0000075,Auto,197994.98,2019-05-15,2024-07-16,3193.47,3,60
CUST000076,666,8,144873.16,114131.71,LOAN0000076,Education,283809.68,2012-12-23,2018-09-09,2556.84,10,26
CUST000077,635,0,840819.36,209874.77,LOAN0000077,Personal,191365.23,2013-07-11,2014-03-10,2990.08,2,21
CUST000078,370,7,97620.04,18576.42,LOAN0000078,Personal,153380.59,2022-09-16,2023-10-25,1631.71,10,121
CUST000079,342,0,780192.71,588345.61,LOAN0000079,Auto,269229.06,2018-11-01,2021-01-20,2864.14,3,12
CUST000080,576,4,949177.32,896607.37,LOAN0000080,Personal,493955.49,2006-05-27,2019-09-29,41162.96,7,9
CUST000081,540,5,705065.05,207578.66,LOAN0000081,Home,484391.39,2020-01-27,2023-09-28,5322.98,1,123
CUST000082,487,6,254950.29,57388.91,LOAN0000082,Home,458550.68,2017-03-12,2019-09-09,3853.37,5,128
CUST000083,750,10,677909.09,313958.37,LOAN0000083,Personal,458519.4,2003-03-09,2018-01-07,5458.56,3,138
CUST000084,317,6,777902.18,286375.13,LOAN0000084,Education,17196.12,2003-10-17,2022-03-01,264.56,2,64
CUST000085,448,8,376739.99,89794.87,LOAN0000085,Personal,28766.58,2016-09-04,2023-12-03,399.54,7,131
CUST000086,366,9,316788.17,201474.11,LOAN0000086,Auto,345875.53,2008-12-10,2018-11-23,4434.3,8,12
CUST000087,628,0,861963.72,226405.88,LOAN0000087,Auto,353382.17,2008-03-08,2010-04-23,11043.19,4,110
CUST000088,785,3,914984.34,468892.33,LOAN0000088,Education,474242.5,2001-03-19,2006-11-21,26346.81,0,0
CUST000089,594,8,954522.69,785412.22,LOAN0000089,Home,100325.23,2001-11-14,2015-03-04,3135.16,10,151
CUST000090,313,3,820387.71,201860.92,LOAN0000090,Home,487398.71,2016-06-05,2024-08-11,27077.71,10,108
CUST000091,756,8,130153.28,60369.03,LOAN0000091,Education,498977.98,2021-12-22,2022-02-23,7676.58,3,23
CUST000092,693,10,752366.63,358431.14,LOAN0000092,Education,453286.15,2010-05-30,2017-06-22,8552.57,1,66
CUST000093,741,4,744535.67,620235.43,LOAN0000093,Home,85234.78,2000-06-21,2010-02-12,1671.27,3,175
CUST000094,667,7,781537.6,16761.58,LOAN0000094,Home,216803.37,2017-09-02,2020-07-23,4424.56,3,26
CUST000095,301,2,894628.35,344225.46,LOAN0000095,Auto,225418.07,2012-10-23,2023-07-23,6440.52,2,130
CUST000096,839,10,66292.72,6368.74,LOAN0000096,Personal,175048.89,2012-06-28,2024-12-13,6251.75,10,12
CUST000097,590,10,198758.48,174515.03,LOAN0000097,Home,66028.14,2019-02-21,2024-01-25,1048.07,6,117
CUST000098,835,6,796379.36,502355.37,LOAN0000098,Auto,349091.55,2014-10-06,2020-06-12,3089.31,2,93
CUST000099,558,9,390068.39,370411.51,LOAN0000099,Education,202247.93,2012-02-18,2016-07-03,1774.1,1,127
CUST000100,327,8,716984.97,472284.57,LOAN0000100,Home,241700.31,2007-11-22,2013-11-28,15106.27,2,165
CUST000101,731,10,543219.64,217625.01,LOAN0000101,Education,13756.35,2006-02-12,2010-05-23,655.06,2,131
CUST000102,372,5,64849.66,1315.47,LOAN0000102,Home,178885.55,2010-05-08,2011-03-30,2129.59,4,159
CUST000103,640,4,862977.3,631445.9,LOAN0000103,Home,229324.13,2022-07-06,2023-12-13,3098.97,6,10
CUST000104,764,2,583791.4,260006.86,LOAN0000104,Home,3391.95,2003-12-20,2015-07-28,34.97,5,172
CUST000105,571,7,112300.21,86300.77,LOAN0000105,Personal,392573.47,2005-09-07,2010-12-03,9129.62,10,176
CUST000106,538,7,162114.11,56595.07,LOAN0000106,Personal,155045.03,2012-01-13,2023-05-25,1435.6,6,51
CUST000107,515,0,473899.58,284161.38,LOAN0000107,Auto,173358.54,2010-11-04,2016-09-25,1469.14,7,111
CUST000108,760,7,256158.17,45543.22,LOAN0000108,Auto,478366.56,2000-03-25,2023-03-02,5979.58,4,26
CUST000109,764,2,93578.76,28672.93,LOAN0000109,Home,239386.18,2021-09-06,2023-04-27,2955.38,8,78
CUST000110,617,8,439896.6,140662.62,LOAN0000110,Home,255967.27,2018-02-09,2024-10-29,3709.67,9,172
CUST000111,345,4,973207.75,235562.8,LOAN0000111,Home,66944.73,2021-08-21,2021-12-12,1632.8,6,119
CUST000112,353,2,769105.71,241524.76,LOAN0000112,Education,29929.78,2007-11-04,2009-03-23,315.05,1,31
CUST000113,788,9,22365.63,15069.18,LOAN0000113,Home,162726.35,2002-07-10,2014-04-12,1595.36,6,28
CUST000114,805,10,947857.09,410943.12,LOAN0000114,Home,303644.5,2010-10-07,2018-11-28,6901.01,7,19
CUST000115,840,7,212663.96,43356.11,LOAN0000115,Auto,416886.54,2002-05-22,2011-06-27,4531.38,1,76
CUST000116,629,8,536548.15,80581.09,LOAN0000116,Education,292578.51,2024-05-29,2024-10-18,9438.02,2,85
CUST000117,308,1,143120.88,89710.48,LOAN0000117,Home,213430.74,2004-01-08,2004-03-11,2845.74,5,91
CUST000118,739,2,236723.59,92702.8,LOAN0000118,Personal,308316.48,2004-02-27,2004-07-04,2612.85,7,40
CUST000119,780,8,430513.43,74576.18,LOAN0000119,Home,34248.1,2021-05-12,2022-01-25,1037.82,0,0
CUST000120,783,3,640550.2,89811.94,LOAN0000120,Home,394962.61,2008-05-30,2012-09-02,6809.7,6,39
CUST000121,691,1,993762.3,607586.79,LOAN0000121,Education,415336.05,2004-06-09,2008-07-30,4886.31,4,143
CUST000122,479,10,774947.1,774635.61,LOAN0000122,Personal,21425.64,2019-02-28,2021-03-14,178.55,2,154
CUST000123,594,3,926280.72,770151.69,LOAN0000123,Auto,73550.68,2012-11-04,2022-01-30,2372.6,7,6
CUST000124,354,1,342327.93,38558.52,LOAN0000124,Education,409334.98,2003-06-03,2006-07-29,5847.64,9,149
CUST000125,522,0,414224.25,114610.71,LOAN0000125,Home,436483.22,2010-03-15,2014-09-10,9286.88,1,179
CUST000126,303,7,910137.8,483208.46,LOAN0000126,Personal,304438.56,2004-10-01,2023-08-09,6618.23,5,151
CUST000127,642,0,909128.97,186612.25,LOAN0000127,Home,67365.9,2005-10-28,2016-03-26,4491.06,0,0
CUST000128,502,1,553589.62,243159.33,LOAN0000128,Education,479267.77,2003-06-25,2004-01-13,8875.33,4,175
CUST000129,431,3,444997.75,361406.65,LOAN0000129,Personal,278178.66,2011-08-15,2015-02-13,2506.11,8,37
CUST000130,599,0,87550.94,10850.82,LOAN0000130,Personal,12057.23,2007-10-20,2018-05-22,325.87,1,40
CUST000131,310,5,398692.69,35844.91,LOAN0000131,Auto,293140.76,2001-06-12,2010-01-12,5054.15,0,0
CUST000132,693,0,134001.12,6616.33,LOAN0000132,Auto,26827.71,2001-09-03,2005-05-29,311.95,3,99
CUST000133,719,0,490685.05,362210.12,LOAN0000133,Education,83555.65,2021-03-04,2021-12-18,1740.74,2,30
CUST000134,443,3,765748.56,561197.08,LOAN0000134,Auto,298910.87,2024-03-26,2024-10-20,3783.68,1,39
CUST000135,827,0,12874.53,9092.17,LOAN0000135,Personal,264904.48,2018-05-06,2019-07-14,17660.3,7,173
CUST000136,561,1,244288.13,169517.17,LOAN0000136,Auto,10236.75,2024-01-30,2024-11-27,167.82,9,97
CUST000137,585,1,360114.51,317902.49,LOAN0000137,Personal,16508.92,2003-06-22,2023-03-11,253.98,5,13
CUST000138,518,0,922479.9,377021.04,LOAN0000138,Personal,292530.28,2008-03-22,2013-06-26,7500.78,3,143
CUST000139,446,10,525206.14,212180.96,LOAN0000139,Home,393144.07,2019-09-06,2022-05-30,5867.82,10,37
CUST000140,761,10,721321.7,637238.44,LOAN0000140,Home,53586.37,2023-01-15,2024-05-07,478.45,1,123
CUST000141,733,10,534436.08,334126.52,LOAN0000141,Home,436233.02,2005-05-03,2017-08-09,9088.19,6,135
CUST000142,710,8,350372.91,160239.29,LOAN0000142,Home,161002.68,2022-01-22,2022-03-27,4735.37,7,58
CUST000143,457,5,338370.23,251000.08,LOAN0000143,Home,328859.97,2004-11-19,2024-01-28,4631.83,5,176
CUST000144,560,0,826732.01,630304.12,LOAN0000144,Personal,280370.32,2008-01-05,2008-01-12,7788.06,2,26
CUST000145,454,10,665099.6,172807.2,LOAN0000145,Home,211971.83,2008-03-25,2013-12-11,2329.36,10,1
CUST000146,548,10,643474.38,396040.07,LOAN0000146,Home,117030.11,2018-10-29,2020-03-22,3079.74,10,103
CUST000147,656,6,931594.96,163506.03,LOAN0000147,Home,161783.26,2002-06-25,2015-05-24,2696.39,8,149
CUST000148,794,9,155356.76,134836.84,LOAN0000148,Education,472069.16,2008-07-06,2016-01-12,5489.18,8,26
CUST000149,533,4,441788.71,303564.32,LOAN0000149,Education,79840.34,2001-12-02,2005-11-30,1451.64,8,3
CUST000150,740,1,535137.49,54514.99,LOAN0000150,Education,142272.66,2017-08-19,2021-12-08,4742.42,4,125
CUST000151,658,1,628753.13,179292.17,LOAN0000151,Home,99573.14,2017-08-31,2018-04-05,930.59,6,120
CUST000152,459,1,520664.49,177138.36,LOAN0000152,Home,6421.31,2023-06-02,2024-05-28,97.29,6,160
CUST000153,529,6,678307.37,509720.35,LOAN0000153,Home,406898.44,2010-12-29,2014-08-19,3802.79,2,65
CUST000154,300,6,218373.53,40674.58,LOAN0000154,Auto,352350.42,2023-07-16,2024-09-23,10677.29,7,44
CUST000155,406,5,795119.44,118968.6,LOAN0000155,Education,430146.55,2005-10-19,2015-09-26,4389.25,3,163
CUST000156,542,3,342830.54,238275.37,LOAN0000156,Education,196783.73,2015-11-26,2016-12-01,1757.0,1,4
CUST000157,806,0,701152.67,259837.15,LOAN0000157,Home,336957.88,2010-08-11,2017-09-08,2855.58,9,33
CUST000158,743,6,735306.09,452441.85,LOAN0000158,Auto,431178.23,2006-03-09,2023-10-27,3749.38,1,145
CUST000159,742,5,267810.88,49696.32,LOAN0000159,Personal,119670.37,2021-07-10,2023-10-25,3860.33,8,166
CUST000160,648,10,382692.03,141882.51,LOAN0000160,Education,453968.24,2023-07-05,2023-07-14,15132.27,0,0
CUST000161,390,4,239064.37,117499.83,LOAN0000161,Personal,192495.59,2011-11-02,2018-05-18,1944.4,3,57
CUST000162,830,8,275469.29,225864.81,LOAN0000162,Education,303896.29,2002-08-11,2004-12-22,4675.33,5,92
CUST000163,427,4,14175.9,480.21,LOAN0000163,Personal,106131.05,2011-06-21,2018-03-13,1632.79,1,154
CUST000164,324,2,909943.96,490190.49,LOAN0000164,Personal,346003.01,2018-04-16,2023-06-19,21625.19,6,144
CUST000165,521,7,709319.65,348523.89,LOAN0000165,Auto,351442.16,2003-10-15,2020-02-26,14643.42,0,0
CUST000166,611,5,964869.87,294463.44,LOAN0000166,Education,159835.12,2004-11-26,2006-03-16,2959.91,8,45
CUST000167,470,10,795137.69,582604.16,LOAN0000167,Education,287372.71,2011-10-21,2024-09-03,3057.16,6,102
CUST000168,378,1,635262.69,520842.47,LOAN0000168,Auto,486817.42,2002-01-31,2004-04-15,9015.14,1,144
CUST000169,844,5,376005.19,306619.6,LOAN0000169,Education,140241.75,2012-09-16,2018-07-31,2646.07,7,107
CUST000170,691,2,801436.01,105367.66,LOAN0000170,Personal,201688.04,2001-10-06,2018-07-07,3201.4,1,19
CUST000171,690,2,477579.33,168930.54,LOAN0000171,Education,17519.1,2004-09-24,2007-05-19,282.57,8,116
CUST000172,670,6,918053.81,727644.85,LOAN0000172,Home,338971.29,2015-12-21,2024-07-09,5467.28,0,0
CUST000173,539,3,799706.91,211056.02,LOAN0000173,Auto,95305.52,2019-10-18,2023-11-14,1237.73,3,157
CUST000174,424,2,887442.67,290432.48,LOAN0000174,Home,380766.09,2009-05-20,2023-10-10,31730.51,1,162
CUST000175,543,10,137697.62,127863.61,LOAN0000175,Education,195908.68,2004-11-18,2010-03-31,1830.92,5,161
CUST000176,408,7,407783.97,392525.85,LOAN0000176,Personal,127993.66,2001-04-03,2022-11-17,1075.58,0,0
CUST000177,367,0,312160.31,294259.46,LOAN0000177,Education,137037.7,2002-07-26,2023-08-01,4152.66,9,57
CUST000178,346,3,893137.13,331470.28,LOAN0000178,Auto,20331.01,2003-07-15,2014-12-13,1195.94,5,75
CUST000179,424,0,686986.92,496578.93,LOAN0000179,Home,409145.49,2011-05-19,2022-02-06,15736.36,10,167
CUST000180,583,3,657612.39,523780.17,LOAN0000180,Personal,411343.86,2020-02-02,2024-10-01,4471.13,5,171
CUST000181,568,4,326711.46,79328.79,LOAN0000181,Auto,367890.44,2017-05-07,2017-06-02,7074.82,6,128
CUST000182,442,10,69582.64,40695.84,LOAN0000182,Education,128758.49,2015-10-15,2017-05-30,2926.33,6,118
CUST000183,366,2,285893.44,205403.25,LOAN0000183,Auto,337644.61,2006-07-14,2006-08-22,6620.48,9,19
CUST000184,686,8,921938.06,234559.16,LOAN0000184,Personal,305053.37,2021-03-11,2021-11-02,7626.33,9,29
CUST000185,813,5,459398.96,426332.95,LOAN0000185,Personal,392482.2,2006-01-04,2019-12-18,10328.48,7,39
CUST000186,562,2,997153.05,629876.97,LOAN0000186,Education,117107.7,2005-08-28,2012-07-18,3002.76,8,127
CUST000187,538,10,938436.77,905197.27,LOAN0000187,Education,346530.52,2013-03-03,2020-09-24,9625.85,0,0
CUST000188,567,6,644802.05,53534.6,LOAN0000188,Auto,79825.78,2023-08-26,2024-07-16,676.49,10,24
CUST000189,836,0,207889.14,136763.92,LOAN0000189,Home,55616.32,2023-08-23,2023-10-13,1112.33,1,5
CUST000190,699,7,182257.35,69369.38,LOAN0000190,Auto,62679.62,2021-12-22,2022-04-07,608.54,8,61
CUST000191,663,9,127092.52,64105.77,LOAN0000191,Home,143062.92,2018-10-17,2021-08-07,1362.5,10,148
CUST000192,760,4,488142.76,319396.27,LOAN0000192,Auto,409190.01,2003-05-11,2022-03-06,5529.59,4,160
CUST000193,816,2,819335.09,36918.95,LOAN0000193,Home,137516.05,2011-07-30,2024-02-01,6250.73,2,64
CUST000194,411,9,741566.1,251215.74,LOAN0000194,Auto,29250.76,2022-05-23,2023-03-07,531.83,9,93
CUST000195,356,10,43840.39,31879.9,LOAN0000195,Education,490646.97,2010-08-23,2011-02-05,10666.24,4,30
CUST000196,300,3,200798.86,77224.58,LOAN0000196,Auto,188041.41,2014-06-27,2016-05-12,3032.93,7,149
CUST000197,349,6,761847.57,179759.05,LOAN0000197,Auto,34728.69,2011-06-09,2013-10-16,445.24,10,51
CUST000198,396,3,320601.18,156411.8,LOAN0000198,Auto,169482.3,2004-04-23,2023-08-25,1629.64,9,131
CUST000199,326,0,821923.32,418851.19,LOAN0000199,Education,133639.96,2003-01-09,2009-01-11,1856.11,3,152
CUST000200,634,10,735317.74,605991.83,LOAN0000200,Auto,294496.43,2005-04-18,2023-12-03,3005.07,9,150
CUST000201,323,2,820671.77,166099.08,LOAN0000201,Home,17371.53,2005-05-07,2013-04-21,457.15,10,71
CUST000202,381,5,106207.35,35869.18,LOAN0000202,Auto,468057.18,2017-11-26,2024-02-03,4179.08,6,30
CUST000203,761,10,298542.43,13345.29,LOAN0000203,Auto,189472.59,2007-10-07,2016-02-11,1894.73,9,162
CUST000204,347,3,168498.53,106500.57,LOAN0000204,Education,354385.85,2009-05-24,2023-03-26,11431.8,2,48
CUST000205,307,4,786159.35,572282.88,LOAN0000205,Personal,401246.02,2001-09-19,2011-01-09,6173.02,9,132
CUST000206,603,9,338586.56,217002.57,LOAN0000206,Home,38956.28,2014-11-17,2019-01-31,973.91,8,120
CUST000207,801,7,360054.98,250081.56,LOAN0000207,Personal,156874.31,2020-03-13,2024-10-12,1668.88,9,158
CUST000208,330,6,875987.68,437131.17,LOAN0000208,Personal,274125.51,2012-10-30,2016-09-29,6526.8,7,113
CUST000209,383,10,72192.15,30541.34,LOAN0000209,Education,71413.26,2018-09-22,2024-09-05,728.71,4,127
CUST000210,787,8,265615.4,173595.65,LOAN0000210,Auto,31231.16,2000-12-31,2020-09-30,2402.4,6,178
CUST000211,319,1,637120.37,313625.53,LOAN0000211,Personal,66594.89,2000-03-09,2005-11-16,616.62,10,104
CUST000212,539,2,930885.8,180268.68,LOAN0000212,Personal,283286.09,2004-03-21,2008-03-13,2552.13,5,67
CUST000213,681,2,297679.68,268392.01,LOAN0000213,Education,448702.05,2008-08-25,2024-09-27,3770.61,3,3
CUST000214,500,0,255800.76,220696.77,LOAN0000214,Home,443071.45,2005-03-20,2020-01-05,8520.6,6,173
CUST000215,353,4,592022.51,27290.58,LOAN0000215,Home,308337.0,2006-08-10,2008-06-04,3388.32,3,100
CUST000216,755,5,492574.44,341844.97,LOAN0000216,Home,407449.63,2002-10-07,2012-07-01,4683.33,4,21
CUST000217,744,3,698070.49,393858.8,LOAN0000217,Personal,238547.7,2003-03-30,2017-01-23,2839.85,7,66
CUST000218,445,5,179661.38,42396.46,LOAN0000218,Personal,323585.46,2003-10-12,2013-01-08,3994.88,3,108
CUST000219,387,10,460615.35,270281.74,LOAN0000219,Personal,38265.04,2017-10-27,2023-09-25,750.29,3,52
CUST000220,362,7,732049.0,590414.01,LOAN0000220,Education,492380.97,2023-09-30,2024-03-18,13307.59,8,156
CUST000221,609,7,397024.79,297282.23,LOAN0000221,Education,426979.7,2002-12-23,2024-10-06,5770.0,6,137
CUST000222,777,4,601731.13,387620.93,LOAN0000222,Auto,34021.44,2021-02-14,2022-07-17,295.84,5,81
CUST000223,435,9,459937.16,95317.0,LOAN0000223,Auto,426852.68,2004-11-16,2023-05-23,3952.34,10,108
CUST000224,745,3,233558.78,6005.99,LOAN0000224,Personal,1260.24,2001-09-30,2010-06-02,12.24,2,138
CUST000225,741,7,220648.89,212876.76,LOAN0000225,Education,26306.96,2017-05-27,2017-09-17,309.49,5,112
CUST000226,664,6,483300.54,288758.84,LOAN0000226,Home,69638.13,2017-03-11,2024-05-21,3316.1,4,72
CUST000227,475,3,565499.67,470959.49,LOAN0000227,Auto,442118.22,2011-03-27,2020-11-25,7493.53,1,72
CUST000228,706,9,670704.2,85412.99,LOAN0000228,Education,280841.17,2003-08-03,2013-04-07,2808.41,4,167
CUST000229,680,9,528346.61,49371.65,LOAN0000229,Home,16494.8,2009-10-04,2018-09-28,198.73,2,155
CUST000230,499,9,511631.46,41875.24,LOAN0000230,Education,361148.44,2011-01-15,2016-02-15,16415.84,1,59
CUST000231,357,2,887432.54,586429.1,LOAN0000231,Personal,433860.34,2022-07-24,2024-08-08,9641.34,8,174
CUST000232,473,7,316407.65,154995.13,LOAN0000232,Auto,354979.65,2016-12-02,2021-05-02,3380.76,4,15
CUST000233,548,6,819889.64,631091.22,LOAN0000233,Personal,80356.33,2003-02-03,2004-07-28,1959.91,7,4
CUST000234,666,5,395052.91,144861.38,LOAN0000234,Home,353457.63,2020-05-09,2023-09-03,4363.67,9,40
CUST000235,653,4,276338.32,76704.6,LOAN0000235,Auto,386426.3,2010-03-13,2018-08-31,5682.74,5,170
CUST000236,589,10,613114.54,227154.54,LOAN0000236,Education,82825.15,2014-08-27,2024-11-29,1294.14,8,144
CUST000237,802,6,735816.0,202783.44,LOAN0000237,Education,482932.56,2006-02-11,2016-10-30,11230.99,3,168
CUST000238,730,2,482416.42,248950.78,LOAN0000238,Home,313716.65,2006-12-01,2010-02-02,3409.96,4,177
CUST000239,566,10,512553.41,280076.96,LOAN0000239,Home,91072.41,2002-04-23,2008-03-19,3252.59,10,144
CUST000240,800,5,656055.68,426667.37,LOAN0000240,Auto,29946.02,2005-08-26,2020-09-28,2139.0,10,94
CUST000241,322,10,336165.34,48846.76,LOAN0000241,Education,350103.92,2018-12-15,2023-06-01,12072.55,7,61
CUST000242,392,3,612694.47,45149.96,LOAN0000242,Home,343373.73,2021-11-15,2024-01-01,7985.44,4,58
CUST000243,581,9,33547.16,25081.4,LOAN0000243,Education,35380.9,2007-01-05,2021-01-08,498.32,5,25
CUST000244,708,4,530647.4,210895.97,LOAN0000244,Auto,154253.48,2023-12-24,2024-11-01,1497.61,6,141
CUST000245,779,9,317002.5,160723.29,LOAN0000245,Personal,206685.98,2006-04-15,2008-07-27,8267.44,4,13
CUST000246,627,7,7625.76,3997.36,LOAN0000246,Personal,296961.33,2008-08-11,2014-04-14,3535.25,0,0
CUST000247,609,8,307362.19,19842.29,LOAN0000247,Auto,491091.39,2014-03-04,2021-09-07,11977.84,5,117
CUST000248,639,10,965780.6,604936.68,LOAN0000248,Auto,290925.12,2022-06-24,2023-06-28,9697.5,7,20
CUST000249,419,0,551006.13,102587.44,LOAN0000249,Home,401542.52,2011-12-02,2015-05-16,18251.93,8,18
CUST000250,489,1,722985.8,243836.63,LOAN0000250,Auto,141245.73,2016-04-26,2017-04-21,10865.06,4,144
CUST000251,433,1,968928.39,899361.44,LOAN0000251,Education,207670.64,2001-06-04,2004-03-23,1774.96,4,17
CUST000252,502,6,966595.81,217023.26,LOAN0000252,Auto,112753.11,2015-12-20,2020-10-08,2891.11,0,0
CUST000253,574,10,106861.68,40326.4,LOAN0000253,Auto,130580.29,2008-05-05,2017-07-18,3436.32,0,0
CUST000254,473,6,63875.13,23760.58,LOAN0000254,Auto,230495.36,2006-11-23,2024-03-09,3340.51,2,90
CUST000255,716,1,722293.65,68963.07,LOAN0000255,Home,293175.87,2009-08-09,2015-01-04,3664.7,10,64
CUST000256,667,1,766016.03,315060.93,LOAN0000256,Personal,172292.62,2023-12-03,2024-09-28,5743.09,5,125
CUST000257,773,7,45353.19,42180.09,LOAN0000257,Auto,466834.08,2002-10-16,2016-08-21,6142.55,8,115
CUST000258,499,3,266701.24,135298.42,LOAN0000258,Home,189413.71,2016-01-04,2023-01-26,5261.49,3,153
CUST000259,746,2,225011.13,150645.19,LOAN0000259,Home,273178.97,2020-11-22,2024-01-28,2652.22,9,6
CUST000260,682,4,619176.59,102799.21,LOAN0000260,Home,361075.34,2019-07-21,2020-10-04,9026.88,8,24
CUST000261,399,9,634575.66,159168.23,LOAN0000261,Personal,383225.37,2008-09-29,2011-11-22,5397.54,1,142
CUST000262,840,4,342683.34,226926.65,LOAN0000262,Education,243209.73,2019-04-17,2020-01-22,3630.0,6,35
CUST000263,339,10,232230.84,44307.46,LOAN0000263,Home,232049.44,2015-08-20,2022-05-19,2017.82,1,14
CUST000264,724,10,322798.56,152268.15,LOAN0000264,Personal,264848.46,2016-10-30,2017-11-26,3352.51,2,117
CUST000265,657,7,848241.91,818793.18,LOAN0000265,Education,468254.21,2018-11-07,2020-02-07,5444.82,6,87
CUST000266,683,6,108893.99,76556.42,LOAN0000266,Auto,459380.26,2014-10-03,2018-03-02,5341.63,2,157
CUST000267,808,10,358716.82,317787.87,LOAN0000267,Personal,386683.51,2002-04-08,2003-10-21,11717.68,5,41
CUST000268,498,1,652026.77,276966.29,LOAN0000268,Education,223699.34,2011-11-09,2012-11-16,3289.7,4,15
CUST000269,473,4,121100.8,66526.27,LOAN0000269,Education,27623.53,2012-12-06,2015-07-28,373.29,9,158
CUST000270,432,4,839657.27,505033.65,LOAN0000270,Personal,224757.67,2012-10-18,2022-08-27,3625.12,3,25
CUST000271,617,4,110050.26,60102.85,LOAN0000271,Auto,39939.74,2016-08-04,2019-01-16,665.66,5,28
CUST000272,307,2,171598.4,51545.0,LOAN0000272,Home,216278.84,2001-06-28,2007-06-15,2514.87,3,52
CUST000273,630,0,688039.69,401594.29,LOAN0000273,Home,218232.98,2010-12-31,2016-10-01,4849.62,5,51
CUST000274,585,2,771074.32,546607.93,LOAN0000274,Auto,171807.75,2005-11-25,2015-08-29,1668.04,8,71
CUST000275,772,1,75678.73,71673.26,LOAN0000275,Auto,238736.16,2023-07-24,2024-03-27,3060.72,5,82
CUST000276,308,7,288567.39,149494.8,LOAN0000276,Personal,376006.63,2024-01-05,2024-08-08,3798.05,4,14
CUST000277,720,7,703180.54,371978.78,LOAN0000277,Home,135170.99,2003-10-23,2024-06-25,2371.42,0,0
CUST000278,357,2,170149.02,51598.56,LOAN0000278,Home,350449.75,2024-05-07,2024-10-15,15236.95,6,2
CUST000279,336,2,59204.87,52865.35,LOAN0000279,Personal,2739.4,2000-09-01,2024-09-04,72.09,10,62
CUST000280,689,9,888611.62,805042.27,LOAN0000280,Auto,43559.59,2015-04-12,2016-12-10,1405.15,6,33
CUST000281,660,10,753487.56,425525.86,LOAN0000281,Personal,75377.93,2014-08-04,2022-10-13,638.8,1,37
CUST000282,661,6,962557.6,426279.09,LOAN0000282,Education,136116.62,2019-11-06,2020-09-25,2722.33,9,77
CUST000283,459,1,530156.25,351858.03,LOAN0000283,Home,140608.64,2009-08-20,2011-08-29,1314.1,1,72
CUST000284,496,2,909381.57,697870.52,LOAN0000284,Personal,295250.61,2014-12-09,2018-06-09,13420.48,5,169
CUST000285,629,8,246434.4,97835.98,LOAN0000285,Personal,356210.82,2000-12-20,2020-02-07,16191.4,7,107
CUST000286,487,3,938979.84,158079.05,LOAN0000286,Education,364124.32,2021-10-12,2021-12-06,17339.25,0,0
CUST000287,564,4,779756.75,15711.8,LOAN0000287,Auto,397621.72,2014-09-10,2017-11-16,3487.91,7,71
CUST000288,440,2,435868.81,209244.15,LOAN0000288,Home,189318.48,2017-07-26,2019-05-18,2784.1,8,102
CUST000289,779,5,39122.37,21886.81,LOAN0000289,Auto,293412.2,2022-01-02,2024-09-27,4973.09,2,55
CUST000290,848,6,384235.15,137117.66,LOAN0000290,Auto,225157.97,2000-07-07,2004-11-22,3127.19,9,74
CUST000291,459,2,309087.27,80853.11,LOAN0000291,Auto,162366.64,2015-06-20,2015-10-04,1546.35,8,90
CUST000292,585,5,929359.75,886250.54,LOAN0000292,Home,51707.17,2006-03-26,2024-01-03,492.45,0,0
CUST000293,356,2,958689.28,317603.92,LOAN0000293,Home,63007.36,2020-07-12,2023-03-09,1050.12,2,47
CUST000294,544,1,606172.54,368678.12,LOAN0000294,Auto,304134.08,2002-04-22,2016-01-07,4472.56,10,149
CUST000295,316,3,913059.28,810547.3,LOAN0000295,Personal,175128.78,2024-07-10,2024-09-15,1700.28,2,122
CUST000296,573,8,95531.11,9087.64,LOAN0000296,Home,175388.08,2019-06-18,2020-07-28,4497.13,5,86
CUST000297,593,7,677365.45,531943.93,LOAN0000297,Home,45467.92,2019-07-20,2023-09-03,450.18,2,33
CUST000298,794,4,297527.06,86284.19,LOAN0000298,Home,321590.28,2024-01-24,2024-09-29,2702.44,6,136
CUST000299,327,2,234296.48,134427.7,LOAN0000299,Personal,496070.8,2024-02-28,2024-09-29,6795.49,0,0
CUST000300,616,0,620575.79,456251.09,LOAN0000300,Personal,213963.08,2010-12-20,2014-10-06,2487.94,8,36
CUST000301,502,8,33420.31,19710.71,LOAN0000301,Personal,492572.63,2021-05-18,2024-11-16,8348.69,6,100
CUST000302,815,10,880000.44,835249.19,LOAN0000302,Home,363773.9,2018-11-29,2024-03-10,10699.23,2,45
CUST000303,762,9,427751.78,404934.73,LOAN0000303,Auto,481160.99,2023-05-09,2023-06-25,6090.65,4,159
CUST000304,528,6,293104.76,24479.27,LOAN0000304,Education,318815.23,2017-01-12,2023-09-14,4830.53,9,18
CUST000305,656,8,435964.3,197044.73,LOAN0000305,Education,419721.46,2013-08-31,2024-02-06,5450.93,5,133
CUST000306,782,8,876275.37,240518.79,LOAN0000306,Auto,164594.93,2020-02-24,2021-12-09,2137.6,3,94
CUST000307,511,9,333541.98,117112.72,LOAN0000307,Auto,352920.75,2001-03-09,2010-01-16,5601.92,0,0
CUST000308,456,7,951568.93,761716.39,LOAN0000308,Personal,383782.58,2003-05-15,2018-09-04,7380.43,6,141
CUST000309,642,9,316247.64,143773.96,LOAN0000309,Home,143459.35,2013-10-28,2022-03-16,1526.16,4,3
CUST000310,757,0,441476.86,312240.58,LOAN0000310,Home,273563.53,2023-04-21,2024-04-30,2708.55,9,142
CUST000311,317,5,244422.95,89131.96,LOAN0000311,Education,384885.28,2021-08-13,2023-12-10,6309.59,4,175
CUST000312,789,4,908766.03,859277.04,LOAN0000312,Education,358442.99,2017-03-19,2024-07-19,3144.24,0,0
CUST000313,324,8,776505.27,480803.38,LOAN0000313,Personal,372202.43,2022-11-19,2024-03-13,7754.22,5,159
CUST000314,665,5,644365.64,551516.35,LOAN0000314,Auto,153493.39,2017-04-09,2022-02-22,3935.73,7,68
CUST000315,335,3,921986.61,847333.5,LOAN0000315,Education,43812.19,2022-10-13,2024-12-08,592.06,4,4
CUST000316,341,9,685884.98,285627.17,LOAN0000316,Home,71432.21,2020-07-21,2021-10-14,744.09,3,165
CUST000317,336,5,737406.05,29533.27,LOAN0000317,Home,288669.73,2024-01-09,2024-11-27,5064.38,5,21
CUST000318,400,3,940768.96,769764.73,LOAN0000318,Auto,378147.21,2018-11-11,2022-04-08,3781.47,10,2
CUST000319,372,5,485827.82,152674.36,LOAN0000319,Personal,114357.96,2002-05-14,2002-10-20,1068.77,1,101
CUST000320,379,10,222078.78,188364.98,LOAN0000320,Home,325532.69,2022-10-23,2023-09-16,6142.13,10,66
CUST000321,612,1,299223.96,245172.91,LOAN0000321,Personal,107759.83,2009-02-10,2018-01-09,1710.47,7,31
CUST000322,726,7,277327.18,194621.8,LOAN0000322,Education,385137.81,2020-08-10,2024-06-23,4141.27,6,103
CUST000323,331,3,740760.92,299946.57,LOAN0000323,Personal,93048.12,2017-01-24,2024-05-18,845.89,4,168
CUST000324,393,3,860892.54,486027.7,LOAN0000324,Home,134269.1,2023-11-06,2024-10-28,6103.14,1,175
CUST000325,774,2,984564.62,737652.95,LOAN0000325,Home,44453.62,2018-08-19,2023-09-02,854.88,10,25
CUST000326,537,6,455548.09,388838.77,LOAN0000326,Education,207457.73,2006-11-28,2013-12-12,4824.6,7,149
CUST000327,719,3,553123.67,527823.85,LOAN0000327,Education,43050.37,2002-10-29,2009-08-07,402.34,4,107
CUST000328,761,6,559707.85,303815.3,LOAN0000328,Home,434188.72,2010-05-21,2016-12-06,6292.59,2,111
CUST000329,666,10,630533.9,465253.73,LOAN0000329,Personal,16542.54,2014-04-19,2022-07-22,384.71,4,106
CUST000330,556,8,556565.69,265152.23,LOAN0000330,Education,75472.63,2022-06-11,2023-02-09,667.9,5,12
CUST000331,711,7,950462.58,750010.68,LOAN0000331,Education,295861.94,2007-08-24,2022-04-23,4771.97,3,21
CUST000332,595,5,538176.86,102968.46,LOAN0000332,Education,420231.16,2002-02-01,2014-09-19,5387.58,8,117
CUST000333,384,4,274260.59,18892.94,LOAN0000333,Home,448531.84,2001-12-09,2005-03-21,7602.23,7,74
CUST000334,801,3,144069.28,133247.07,LOAN0000334,Home,348522.74,2015-04-08,2024-03-26,4356.53,0,0
CUST000335,707,4,59548.26,24020.16,LOAN0000335,Personal,439699.73,2008-10-15,2018-08-28,4187.62,0,0
CUST000336,715,5,214903.34,155217.49,LOAN0000336,Personal,73201.6,2020-11-23,2021-11-20,795.67,2,28
CUST000337,612,5,220518.86,170231.94,LOAN0000337,Personal,450076.68,2011-11-25,2018-09-19,4592.62,8,25
CUST000338,711,10,756248.14,21214.99,LOAN0000338,Auto,46319.87,2003-12-23,2023-01-19,551.43,10,43
CUST000339,442,1,483632.27,420108.06,LOAN0000339,Auto,79165.81,2019-01-18,2023-10-14,676.63,8,52
CUST000340,479,1,786885.65,87257.62,LOAN0000340,Auto,401013.31,2024-07-15,2024-07-16,3548.79,10,21
CUST000341,637,0,758291.71,605044.19,LOAN0000341,Personal,79998.76,2017-05-19,2018-11-22,1428.55,10,163
CUST000342,426,7,889271.5,133804.69,LOAN0000342,Personal,389265.92,2021-02-14,2022-06-06,5190.21,6,24
CUST000343,357,9,66921.7,58840.03,LOAN0000343,Education,90834.78,2001-06-08,2009-01-19,1441.82,7,83
CUST000344,338,7,704934.23,239418.28,LOAN0000344,Auto,321966.48,2021-11-27,2023-12-04,16945.6,4,150
CUST000345,494,5,341194.26,213006.56,LOAN0000345,Education,27159.97,2003-12-29,2018-03-27,696.41,2,107
CUST000346,551,0,232232.07,42513.98,LOAN0000346,Home,332440.5,2006-01-12,2011-11-26,4492.44,3,172
CUST000347,604,3,199027.11,42467.4,LOAN0000347,Home,190210.99,2000-12-07,2003-05-06,3067.92,3,34
CUST000348,712,6,440969.16,90940.88,LOAN0000348,Education,271833.47,2006-09-02,2006-12-10,15101.86,0,0
CUST000349,411,10,618304.29,475927.08,LOAN0000349,Education,498301.01,2014-06-21,2024-09-11,7909.54,2,137
CUST000350,537,10,449123.43,278100.41,LOAN0000350,Home,168797.81,2011-07-02,2024-12-06,5820.61,7,93
CUST000351,628,2,172546.79,163474.49,LOAN0000351,Home,204561.97,2003-11-24,2012-07-18,2298.45,8,62
CUST000352,365,1,158129.29,33100.51,LOAN0000352,Education,497092.88,2017-08-18,2019-08-03,9205.42,4,56
CUST000353,661,9,365956.19,345354.32,LOAN0000353,Education,166238.43,2011-11-27,2014-10-06,3694.19,5,1
CUST000354,782,4,932554.32,456879.38,LOAN0000354,Auto,98091.37,2022-05-17,2022-09-11,4087.14,7,177
CUST000355,804,1,326619.63,317745.75,LOAN0000355,Home,359750.19,2023-09-12,2024-12-21,3300.46,5,57
CUST000356,835,0,324739.97,16310.13,LOAN0000356,Education,437168.35,2023-02-09,2023-11-08,9935.64,9,112
CUST000357,657,4,895931.24,891029.78,LOAN0000357,Auto,74209.84,2017-06-30,2017-08-27,1810.0,1,9
CUST000358,557,10,179476.83,99778.73,LOAN0000358,Education,142454.55,2016-12-20,2018-03-01,1356.71,3,106
CUST000359,400,3,640598.22,3444.67,LOAN0000359,Home,90655.42,2003-02-13,2018-03-12,1648.28,2,122
CUST000360,465,0,145941.34,24785.23,LOAN0000360,Education,281716.48,2009-01-22,2016-11-12,2387.43,9,71
CUST000361,567,1,187790.74,105649.42,LOAN0000361,Home,85415.03,2022-01-16,2024-12-09,2372.64,4,90
CUST000362,683,9,326364.15,198944.58,LOAN0000362,Education,177353.32,2013-01-18,2017-07-30,1886.74,6,70
CUST000363,577,2,260455.69,143558.59,LOAN0000363,Home,36361.62,2000-10-28,2001-10-02,1913.77,10,77
CUST000364,640,4,235716.78,65430.04,LOAN0000364,Home,292235.89,2018-04-29,2021-03-12,4058.83,8,174
CUST000365,447,6,58767.65,47787.68,LOAN0000365,Education,200172.02,2017-03-14,2017-06-11,1943.42,3,124
CUST000366,383,0,656934.22,599427.83,LOAN0000366,Education,305426.66,2022-05-13,2023-11-06,8254.77,2,177
CUST000367,734,10,979115.82,6594.66,LOAN0000367,Home,123679.24,2015-09-22,2020-09-05,1649.06,0,0
CUST000368,781,6,990845.04,47156.05,LOAN0000368,Education,225040.67,2013-06-30,2016-12-11,2647.54,7,147
CUST000369,379,8,713637.34,397892.6,LOAN0000369,Education,376774.17,2020-12-02,2021-01-17,6386.0,10,66
CUST000370,575,1,81098.14,62389.11,LOAN0000370,Personal,124445.68,2010-06-01,2022-05-16,1232.14,8,68
CUST000371,433,5,999487.26,610728.89,LOAN0000371,Home,252463.04,2024-12-21,2024-12-25,3944.74,8,124
CUST000372,603,5,814028.65,143040.46,LOAN0000372,Personal,71498.96,2000-03-28,2008-06-25,605.92,1,130
CUST000373,663,6,238236.4,72369.51,LOAN0000373,Auto,419128.21,2023-11-20,2024-10-23,5903.21,7,97
CUST000374,368,6,429355.95,148371.63,LOAN0000374,Personal,129339.85,2007-02-09,2013-09-15,1701.84,6,163
CUST000375,567,6,359464.34,17697.84,LOAN0000375,Home,17564.62,2016-09-04,2016-11-10,297.71,10,101
CUST000376,838,4,471713.39,335938.42,LOAN0000376,Education,11281.8,2020-08-10,2023-12-03,268.61,7,178
CUST000377,641,6,596459.9,559369.07,LOAN0000377,Personal,76717.55,2005-04-30,2017-01-19,871.79,2,96
CUST000378,745,2,657206.41,141819.08,LOAN0000378,Auto,356459.21,2006-02-24,2013-09-05,22278.7,2,36
CUST000379,369,5,727342.33,698489.75,LOAN0000379,Education,182212.28,2016-01-14,2022-10-10,2679.59,8,22
CUST000380,628,1,916643.3,47538.93,LOAN0000380,Auto,173214.73,2002-06-08,2003-03-24,8248.32,9,23
CUST000381,829,9,92899.97,86431.02,LOAN0000381,Education,217210.58,2001-01-03,2005-12-26,5297.82,10,91
CUST000382,493,4,750712.53,442719.55,LOAN0000382,Personal,280772.46,2011-03-10,2022-04-15,4387.07,2,120
CUST000383,482,1,174405.15,12369.68,LOAN0000383,Home,473046.41,2005-10-26,2009-09-10,10751.05,3,143
CUST000384,507,9,664178.99,183248.32,LOAN0000384,Education,150994.46,2000-01-04,2002-07-30,3511.5,6,174
CUST000385,320,1,893490.98,231271.95,LOAN0000385,Education,19308.6,2000-05-26,2018-01-24,175.53,2,75
CUST000386,384,4,65758.81,21623.35,LOAN0000386,Home,477090.04,2002-11-16,2009-06-28,8674.36,7,26
CUST000387,474,4,704762.47,584473.56,LOAN0000387,Home,342548.99,2022-02-14,2022-03-17,22836.6,3,102
CUST000388,432,8,21018.89,18657.31,LOAN0000388,Education,242032.4,2017-03-16,2020-02-19,2283.32,0,0
CUST000389,418,2,507756.27,61210.47,LOAN0000389,Auto,165059.72,2002-10-14,2015-11-04,1435.3,3,147
CUST000390,318,6,725667.79,380013.88,LOAN0000390,Home,66473.97,2014-09-01,2022-01-22,949.63,6,54
CUST000391,636,7,367517.7,134249.04,LOAN0000391,Auto,470594.94,2008-04-13,2013-09-16,4801.99,9,141
CUST000392,722,6,686937.2,399768.49,LOAN0000392,Education,384437.1,2015-10-05,2017-11-22,5737.87,4,119
CUST000393,398,1,77940.75,60386.37,LOAN0000393,Auto,221166.88,2000-09-14,2010-12-13,4914.82,10,136
CUST000394,565,7,540071.32,161150.69,LOAN0000394,Auto,331054.57,2021-11-15,2023-08-11,13242.18,1,164
CUST000395,841,8,557488.47,168975.06,LOAN0000395,Auto,289063.71,2019-09-06,2024-07-08,4014.77,3,131
CUST000396,371,4,395187.5,164465.96,LOAN0000396,Home,372936.85,2001-04-19,2006-10-01,4493.22,0,0
CUST000397,403,7,756480.56,752476.55,LOAN0000397,Education,138843.91,2023-02-25,2023-03-30,2041.82,0,0
CUST000398,353,3,185087.34,159315.9,LOAN0000398,Auto,133676.72,2017-08-18,2018-09-05,1995.17,3,116
CUST000399,572,0,199795.3,125735.4,LOAN0000399,Personal,279154.74,2008-01-04,2016-01-18,3245.99,6,139
CUST000400,469,9,833112.41,793750.41,LOAN0000400,Personal,169721.14,2005-07-24,2009-10-29,2175.91,0,0
CUST000401,767,9,534859.0,222164.65,LOAN0000401,Auto,227447.26,2017-03-09,2024-12-21,2499.42,2,63
CUST000402,460,5,848450.41,231993.58,LOAN0000402,Home,374658.22,2012-12-16,2018-08-25,12488.61,1,64
CUST000403,451,3,854771.67,766547.79,LOAN0000403,Home,81001.11,2013-05-27,2024-06-18,810.01,4,142
CUST000404,616,5,33439.31,26009.5,LOAN0000404,Auto,296107.73,2018-04-03,2020-12-20,2767.36,2,114
CUST000405,375,9,962627.41,327660.16,LOAN0000405,Personal,287250.91,2003-10-03,2010-04-23,2931.13,2,35
CUST000406,347,1,900260.32,478508.91,LOAN0000406,Auto,99865.3,2015-07-25,2022-08-15,1468.61,6,127
CUST000407,738,10,679478.84,575303.81,LOAN0000407,Education,152123.75,2019-10-16,2024-12-25,2304.91,8,23
CUST000408,740,5,284141.5,28092.63,LOAN0000408,Home,356832.11,2022-10-18,2022-11-25,4054.91,7,39
CUST000409,461,4,65326.48,33529.87,LOAN0000409,Home,274217.96,2010-01-05,2018-03-30,3808.58,9,14
CUST000410,461,9,334089.53,98616.93,LOAN0000410,Education,254351.54,2008-08-08,2016-07-28,3219.64,5,31
CUST000411,693,2,195588.29,7514.09,LOAN0000411,Home,10357.72,2008-12-25,2011-11-06,230.17,0,0
CUST000412,635,7,889978.16,750490.25,LOAN0000412,Auto,498764.18,2014-08-06,2024-07-07,11599.17,7,25
CUST000413,384,6,573022.6,72422.99,LOAN0000413,Auto,417502.81,2024-08-27,2024-09-23,9709.37,7,26
CUST000414,829,8,872413.11,175433.3,LOAN0000414,Home,273319.26,2003-03-08,2024-05-19,2440.35,8,53
CUST000415,550,2,732872.34,285287.1,LOAN0000415,Personal,219575.25,2021-07-29,2024-12-01,10978.76,1,88
CUST000416,473,4,736209.37,35284.88,LOAN0000416,Personal,68131.26,2020-05-03,2023-06-14,908.42,10,61
CUST000417,302,5,452123.3,27892.01,LOAN0000417,Home,407861.83,2017-03-06,2023-07-26,4688.07,3,126
CUST000418,712,7,368752.48,118484.79,LOAN0000418,Auto,302627.04,2017-10-19,2021-11-08,5129.27,9,37
CUST000419,679,8,146126.08,102639.07,LOAN0000419,Education,343729.69,2005-03-11,2019-06-02,3950.92,9,146
CUST000420,497,2,336871.0,8859.5,LOAN0000420,Home,473831.68,2023-07-17,2023-09-12,5384.45,1,98
CUST000421,820,7,197898.47,41843.69,LOAN0000421,Personal,250708.12,2008-08-09,2023-10-04,10446.17,1,15
CUST000422,680,1,584311.14,254828.55,LOAN0000422,Personal,140712.83,2005-01-07,2010-05-08,2706.02,4,159
CUST000423,415,1,145025.98,32154.66,LOAN0000423,Education,31510.46,2001-04-21,2017-12-08,750.25,8,6
CUST000424,435,4,128031.91,71558.09,LOAN0000424,Personal,383897.22,2002-07-14,2002-08-18,11996.79,9,62
CUST000425,401,2,84146.77,4621.69,LOAN0000425,Auto,487687.67,2016-01-06,2018-11-18,9031.25,4,23
CUST000426,326,3,271896.84,70989.11,LOAN0000426,Personal,384790.98,2010-01-09,2014-06-25,7852.88,1,3
CUST000427,634,1,376808.58,255180.85,LOAN0000427,Education,21251.23,2010-02-28,2017-08-12,283.35,10,155
CUST000428,621,9,103210.23,64773.8,LOAN0000428,Education,450118.22,2021-11-19,2024-12-25,5001.31,1,166
CUST000429,617,2,456617.98,41733.66,LOAN0000429,Personal,336199.35,2002-08-10,2011-12-03,6112.72,8,127
CUST000430,789,3,970045.4,918946.88,LOAN0000430,Home,315125.89,2023-03-11,2023-10-26,15005.99,0,0
CUST000431,755,6,407676.58,185867.13,LOAN0000431,Auto,108053.98,2016-04-12,2024-01-10,1385.31,0,0
CUST000432,822,10,604661.72,379319.49,LOAN0000432,Home,450212.45,2000-05-20,2009-06-13,18008.5,0,0
CUST000433,437,2,355610.11,174534.6,LOAN0000433,Auto,16531.88,2000-05-22,2020-05-01,403.22,9,89
CUST000434,620,0,484779.83,174318.53,LOAN0000434,Personal,62052.52,2019-09-02,2024-09-03,660.13,8,150
CUST000435,597,5,171546.18,21208.86,LOAN0000435,Education,59114.66,2001-03-07,2014-07-15,1231.56,2,99
CUST000436,724,8,758528.77,397061.32,LOAN0000436,Home,235281.11,2009-05-21,2012-01-17,8113.14,10,96
CUST000437,595,7,22317.08,3631.78,LOAN0000437,Auto,461637.52,2017-01-16,2017-12-04,6411.63,7,95
CUST000438,328,5,97600.96,60465.22,LOAN0000438,Personal,7769.42,2024-04-03,2024-05-16,199.22,5,82
CUST000439,566,5,369763.19,163847.99,LOAN0000439,Home,115240.61,2012-05-29,2024-05-25,1002.09,9,118
CUST000440,569,7,680098.82,305424.09,LOAN0000440,Personal,360523.53,2024-07-06,2024-12-02,6110.57,0,0
CUST000441,440,10,676739.87,140550.67,LOAN0000441,Education,80675.56,2007-10-25,2024-12-06,1204.11,8,28
CUST000442,621,1,240867.09,162573.74,LOAN0000442,Home,398576.26,2013-07-20,2013-08-15,4860.69,4,43
CUST000443,329,4,782148.85,95511.47,LOAN0000443,Education,225616.24,2024-12-16,2024-12-21,9024.65,6,144
CUST000444,613,4,938167.13,892938.01,LOAN0000444,Home,416543.21,2017-05-30,2019-11-18,5950.62,4,84
CUST000445,393,8,510658.21,382280.48,LOAN0000445,Home,415666.71,2009-09-02,2022-09-15,8482.99,3,164
CUST000446,772,7,630643.98,240363.46,LOAN0000446,Auto,105153.57,2009-01-28,2017-08-31,1696.03,4,6
CUST000447,354,8,19289.87,7711.46,LOAN0000447,Auto,207408.31,2010-05-25,2021-04-22,4321.01,0,0
CUST000448,316,0,301868.68,175730.31,LOAN0000448,Auto,120328.95,2009-04-27,2011-09-21,2615.85,3,72
CUST000449,531,8,107875.84,80979.52,LOAN0000449,Auto,21216.53,2017-12-16,2018-06-04,191.14,6,165
CUST000450,638,9,104136.09,21646.11,LOAN0000450,Auto,378294.32,2023-05-09,2024-03-06,3289.52,7,112
CUST000451,754,8,579810.21,335710.72,LOAN0000451,Personal,50012.44,2012-03-05,2023-04-25,3125.78,3,102
CUST000452,388,6,87057.68,24914.89,LOAN0000452,Auto,303881.78,2013-05-18,2019-10-14,13212.25,4,46
CUST000453,377,5,785773.13,771059.22,LOAN0000453,Personal,323585.22,2005-03-13,2010-07-11,10786.17,0,0
CUST000454,418,8,285559.36,238499.62,LOAN0000454,Auto,36290.11,2013-02-12,2016-01-28,625.69,0,0
CUST000455,758,0,931470.93,398164.38,LOAN0000455,Home,106562.34,2013-03-30,2016-10-21,888.02,3,125
CUST000456,576,3,973707.72,452414.67,LOAN0000456,Home,260336.94,2000-11-11,2020-05-19,8977.14,7,169
CUST000457,432,6,728404.18,217235.84,LOAN0000457,Education,469127.89,2018-02-09,2023-03-05,4384.37,3,10
CUST000458,417,4,79573.47,75276.5,LOAN0000458,Personal,296941.5,2014-08-26,2022-03-19,4303.5,8,114
CUST000459,407,3,217504.7,37029.86,LOAN0000459,Personal,367320.09,2018-10-16,2020-09-24,3279.64,3,163
CUST000460,809,0,43740.85,8189.35,LOAN0000460,Home,135821.01,2023-02-01,2024-05-02,3018.24,7,103
CUST000461,304,6,67838.18,7958.06,LOAN0000461,Auto,239692.42,2008-10-13,2022-11-15,2887.86,6,115
CUST000462,839,6,439846.09,217649.77,LOAN0000462,Education,257809.42,2005-05-03,2020-05-24,2322.61,10,78
CUST000463,531,5,561801.9,35744.56,LOAN0000463,Education,302914.15,2003-04-01,2016-12-24,2779.03,6,86
CUST000464,410,6,474937.7,286912.69,LOAN0000464,Personal,294050.49,2022-06-20,2024-04-09,5654.82,7,4
CUST000465,821,8,901724.31,253493.67,LOAN0000465,Home,215927.81,2000-06-25,2015-03-23,4318.56,10,9
CUST000466,716,8,14345.51,12449.95,LOAN0000466,Auto,123720.61,2022-04-13,2024-12-27,1606.76,8,37
CUST000467,703,10,50421.63,19429.53,LOAN0000467,Home,350200.93,2011-05-21,2011-06-02,3272.91,1,108
CUST000468,590,0,413875.98,332943.41,LOAN0000468,Auto,441867.84,2016-03-14,2024-05-30,7243.74,0,0
CUST000469,485,1,267589.61,172.63,LOAN0000469,Auto,287562.77,2004-11-15,2005-09-26,3383.09,10,90
CUST000470,318,4,776620.4,307072.0,LOAN0000470,Home,474692.73,2023-07-09,2024-05-02,5719.19,5,99
CUST000471,628,2,710047.7,212007.35,LOAN0000471,Auto,199391.96,2001-09-24,2010-11-04,3379.52,1,30
CUST000472,740,5,257395.71,105323.77,LOAN0000472,Education,102599.65,2011-10-31,2018-02-19,5399.98,1,5
CUST000473,411,8,830285.52,187532.01,LOAN0000473,Education,473926.94,2013-10-17,2020-12-28,5641.99,1,142
CUST000474,437,9,369443.02,219227.6,LOAN0000474,Auto,43728.13,2023-03-14,2023-10-08,2429.34,3,86
CUST000475,670,7,302574.96,137915.48,LOAN0000475,Personal,57271.3,2007-01-28,2013-03-12,506.83,8,111
CUST000476,576,10,629129.33,312495.85,LOAN0000476,Education,302970.69,2008-05-30,2016-11-19,10099.02,3,142
CUST000477,820,7,72578.44,59322.91,LOAN0000477,Personal,449853.08,2010-08-19,2012-05-26,5998.04,1,175
CUST000478,395,3,596777.53,142432.91,LOAN0000478,Home,221365.7,2007-12-11,2018-07-08,7905.92,5,130
CUST000479,607,2,834356.09,336574.02,LOAN0000479,Education,498537.02,2012-02-16,2024-12-14,8746.26,6,53
CUST000480,672,3,570904.75,236398.07,LOAN0000480,Education,118119.45,2011-02-03,2020-10-15,1327.18,4,157
CUST000481,630,3,533190.9,79290.42,LOAN0000481,Auto,30688.63,2022-03-04,2024-02-08,829.42,4,75
CUST000482,705,10,731270.34,107852.05,LOAN0000482,Home,325474.93,2012-07-26,2016-12-08,6780.73,5,160
CUST000483,801,8,333153.39,273510.73,LOAN0000483,Personal,210384.44,2008-04-12,2008-10-27,2768.22,10,91
CUST000484,816,3,526984.62,509756.82,LOAN0000484,Home,56238.84,2008-03-10,2010-12-23,1196.57,9,171
CUST000485,756,0,415265.02,317003.8,LOAN0000485,Home,255328.44,2010-12-23,2020-05-16,7092.46,3,13
CUST000486,455,7,64443.75,60698.87,LOAN0000486,Home,291738.19,2011-02-15,2013-03-27,13260.83,0,0
CUST000487,620,10,42018.71,29218.7,LOAN0000487,Auto,323946.68,2000-06-28,2023-01-13,4627.81,5,96
CUST000488,708,8,62965.25,60961.46,LOAN0000488,Auto,58782.31,2020-05-14,2022-10-04,1959.41,9,135
CUST000489,818,9,678887.54,513738.65,LOAN0000489,Personal,214292.03,2013-07-27,2022-08-19,4559.4,5,155
CUST000490,451,5,979005.99,923884.24,LOAN0000490,Personal,390869.95,2005-08-03,2024-06-22,30066.92,7,163
CUST000491,727,9,54892.54,18331.59,LOAN0000491,Auto,499934.32,2008-03-23,2021-03-25,6492.65,3,131
CUST000492,656,5,824482.52,619847.88,LOAN0000492,Auto,153271.76,2010-06-09,2015-04-27,1445.96,4,47
CUST000493,629,6,931918.45,748921.79,LOAN0000493,Home,256601.38,2002-05-11,2017-06-24,7775.8,1,55
CUST000494,360,9,445181.14,364367.27,LOAN0000494,Home,446725.65,2002-09-13,2011-05-31,23511.88,3,127
CUST000495,734,4,587871.05,149094.02,LOAN0000495,Personal,196868.98,2020-02-13,2020-03-02,3785.94,6,10
CUST000496,530,9,335314.13,160189.31,LOAN0000496,Education,206226.9,2021-03-20,2024-04-13,8966.39,6,22
CUST000497,808,5,879463.76,237342.64,LOAN0000497,Personal,84476.49,2011-04-29,2018-04-22,879.96,0,0
CUST000498,693,7,361420.94,313794.19,LOAN0000498,Auto,43612.25,2009-10-09,2020-10-11,423.42,6,46
CUST000499,758,9,443290.73,297238.14,LOAN0000499,Personal,265595.75,2009-04-10,2015-11-17,6477.95,6,19
CUST000500,403,2,420424.66,149196.96,LOAN0000500,Personal,49475.19,2016-04-16,2020-06-28,642.53,0,0
